ID,C_perc,H_perc,N_perc,O_perc,S_perc
1,26.65,14.49,51.16,6.62,1.07
2,27.17,12.68,51.81,7.97,0.36
3,26.12,13.65,52.13,7.25,0.85
4,25.51,13.55,51.01,8.96,0.96
5,26.43,11.94,53.49,7.81,0.32
6,25.82,12.23,53.57,8.38,0.0
7,26.18,11.98,54.64,7.13,0.07
8,27.06,12.06,53.71,6.68,0.49
9,27.54,12.29,51.69,7.2,1.27
10,25.21,13.42,52.47,8.08,0.82
11,26.0,12.96,52.96,7.39,0.7
12,25.0,14.22,53.92,6.86,0.0
13,25.93,14.81,53.09,6.17,0.0
14,26.03,11.14,54.13,8.48,0.22
15,31.44,8.25,51.03,9.28,0.0
16,26.73,13.4,52.94,6.76,0.18
17,25.29,14.76,49.83,10.12,0.0
18,25.73,13.69,53.06,7.52,0.0
19,29.26,8.3,52.84,9.61,0.0
20,26.3,12.99,51.22,8.63,0.85
21,25.86,10.97,54.6,8.41,0.16
22,25.85,11.91,53.21,8.83,0.2
23,26.46,13.34,50.72,8.6,0.88
24,26.82,12.82,52.53,7.14,0.69
25,29.26,12.96,49.44,8.33,0.0
26,26.09,8.7,58.7,6.52,0.0
27,27.29,13.87,51.11,6.84,0.89
28,26.13,12.51,53.65,7.6,0.12
29,24.69,12.22,52.57,9.05,1.47
30,26.18,12.46,53.77,7.54,0.06
31,25.18,13.8,52.57,7.45,1.01
32,26.13,13.58,51.36,8.15,0.78
33,25.22,12.92,53.98,7.49,0.39
34,25.1,12.78,53.91,8.06,0.15
35,25.94,13.31,53.53,6.77,0.45
36,26.16,12.5,53.19,7.66,0.49
37,26.26,12.59,51.99,8.18,0.97
38,25.46,11.94,53.28,8.53,0.79
39,25.13,14.31,52.93,7.57,0.06
40,25.91,13.03,52.38,7.84,0.84
41,26.11,11.11,56.11,6.67,0.0
42,26.54,11.45,53.48,8.29,0.25
43,27.98,12.5,50.0,8.93,0.6
44,25.91,12.51,53.2,7.59,0.79
45,26.56,11.56,53.48,8.39,0.0
46,26.45,12.61,53.0,7.12,0.81
47,26.11,12.7,54.13,7.06,0.0
48,27.22,13.09,52.42,7.16,0.12
49,24.97,14.07,53.93,7.03,0.0
50,25.84,11.07,54.7,8.39,0.0
51,26.36,11.92,52.73,8.18,0.81
52,26.67,12.83,53.12,7.03,0.36
53,25.55,12.15,54.2,7.88,0.22
54,26.29,13.85,52.82,6.81,0.23
55,24.7,10.53,55.06,9.72,0.0
56,25.42,13.79,52.02,8.18,0.59
57,26.03,14.45,50.44,8.09,1.0
58,25.4,13.37,53.3,7.88,0.06
59,25.47,14.97,52.2,7.3,0.07
60,25.64,12.38,53.51,8.07,0.4
61,27.07,12.69,49.41,10.83,0.0
62,26.16,12.52,51.9,8.58,0.84
63,29.87,10.82,51.95,6.49,0.87
64,25.83,14.31,51.05,7.59,1.22
65,26.06,13.03,52.71,7.53,0.68
66,27.82,12.62,51.55,7.41,0.6
67,25.3,14.07,52.95,6.89,0.79
68,25.71,8.57,54.29,11.07,0.36
69,26.08,13.2,52.37,7.32,1.03
70,26.27,12.23,53.51,7.99,0.0
71,25.05,12.98,54.84,7.13,0.0
72,26.72,13.23,52.67,7.12,0.25
73,26.58,13.44,53.23,6.46,0.3
74,25.57,14.5,51.53,7.63,0.76
75,26.57,12.92,53.07,7.2,0.25
76,24.55,12.05,53.12,9.38,0.89
77,27.13,13.91,50.55,7.58,0.83
78,27.52,12.48,52.33,7.37,0.3
79,26.16,12.97,51.57,8.43,0.86
80,26.34,14.12,52.29,7.25,0.0
81,25.51,9.72,55.47,9.31,0.0
82,26.23,13.48,52.82,7.04,0.43
83,24.96,14.32,52.32,7.95,0.45
84,26.43,12.05,54.09,7.31,0.12
85,25.55,12.52,53.26,8.29,0.38
86,25.78,12.31,53.89,8.01,0.0
87,24.9,9.49,56.13,9.49,0.0
88,25.8,13.39,53.9,6.7,0.22
89,26.06,13.3,52.12,8.1,0.42
90,26.5,11.9,53.93,7.56,0.1
91,26.26,13.3,50.95,8.6,0.89
92,25.23,9.35,56.54,8.88,0.0
93,28.57,13.15,52.07,5.8,0.41
94,25.07,14.65,52.17,7.28,0.83
95,27.57,12.96,52.61,6.26,0.61
96,26.06,13.63,51.96,6.98,1.36
97,27.36,11.01,53.14,7.97,0.52
98,26.29,12.13,53.67,7.74,0.17
99,27.31,11.66,54.03,6.9,0.1
100,24.75,11.36,53.21,10.46,0.22
101,26.67,13.64,51.47,7.44,0.78
102,24.88,13.67,53.92,7.53,0.0
103,27.34,12.61,53.11,6.15,0.79
104,26.55,14.12,51.74,6.74,0.84
105,25.13,12.85,53.35,7.83,0.85
106,25.3,12.97,53.76,7.69,0.29
107,24.58,11.69,54.3,9.19,0.24
108,25.67,13.73,50.78,8.93,0.89
109,28.33,11.9,50.99,7.93,0.85
110,26.45,10.55,53.82,9.17,0.0
111,26.61,12.47,52.18,7.9,0.83
112,26.19,13.32,51.05,8.55,0.89
113,27.24,12.6,51.63,8.13,0.41
114,26.34,12.76,52.51,7.57,0.82
115,25.94,11.98,53.81,8.14,0.13
116,28.09,11.59,53.18,6.91,0.22
117,31.74,8.19,51.54,8.19,0.34
118,26.96,12.73,52.94,7.14,0.23
119,28.39,9.21,54.22,8.18,0.0
120,27.66,11.74,53.98,6.12,0.5
121,25.99,11.81,55.24,6.78,0.18
122,26.17,12.9,52.19,8.02,0.73
123,25.36,12.43,54.22,7.37,0.62
124,26.03,12.68,52.51,7.88,0.9
125,26.12,12.99,52.6,7.78,0.51
126,26.19,11.74,53.67,8.15,0.25
127,27.25,11.62,54.1,6.93,0.1
128,26.29,13.91,52.41,7.16,0.23
129,26.39,12.99,52.69,7.2,0.74
130,29.27,12.19,52.78,5.47,0.29
131,26.23,12.73,53.65,6.96,0.42
132,25.21,14.45,52.53,7.17,0.63
133,26.86,13.75,51.58,7.57,0.25
134,28.53,13.09,51.05,7.07,0.26
135,25.84,12.53,54.28,7.0,0.35
136,26.6,13.02,52.45,7.74,0.19
137,24.97,10.64,54.14,9.46,0.79
138,25.65,13.01,52.42,8.18,0.74
139,25.41,12.94,51.18,9.53,0.94
140,27.98,8.26,53.21,10.55,0.0
141,25.95,11.74,54.24,7.99,0.07
142,25.86,12.4,53.58,7.79,0.37
143,27.04,13.66,51.57,6.92,0.81
144,26.42,14.7,51.53,7.17,0.17
145,26.11,13.72,51.99,7.52,0.66
146,26.2,11.42,53.67,8.51,0.19
147,25.83,14.46,51.1,7.84,0.77
148,25.55,13.62,52.59,7.6,0.63
149,26.9,13.39,52.62,6.85,0.24
150,28.91,12.24,51.02,6.8,1.02
151,27.93,9.31,53.72,9.04,0.0
152,29.07,11.63,51.16,7.56,0.58
153,25.09,12.66,52.07,9.11,1.07
154,27.15,11.74,53.34,7.12,0.66
155,27.27,13.42,52.48,6.77,0.05
156,27.08,14.39,49.43,8.33,0.76
157,27.65,12.9,52.46,6.89,0.11
158,26.23,13.58,51.7,8.3,0.19
159,25.1,14.39,52.84,7.61,0.06
160,25.98,12.5,54.23,7.29,0.0
161,26.55,11.69,53.83,7.66,0.26
162,27.16,12.12,52.83,7.22,0.68
163,26.96,11.95,51.54,8.87,0.68
164,25.84,13.0,53.47,7.48,0.22
165,25.55,13.42,51.23,8.87,0.93
166,25.51,12.29,52.96,8.69,0.55
167,25.28,12.6,53.47,8.4,0.24
168,25.64,11.22,53.87,8.71,0.56
169,26.36,12.26,53.0,7.77,0.61
170,25.2,9.45,55.12,10.24,0.0
171,24.95,11.16,53.83,9.85,0.22
172,26.15,13.59,51.28,8.21,0.77
173,26.13,13.58,51.36,8.15,0.78
174,27.14,12.27,50.93,8.92,0.74
175,26.24,14.45,52.09,7.22,0.0
176,26.59,12.74,51.37,8.49,0.81
177,27.61,10.77,50.51,11.11,0.0
178,26.09,13.5,52.32,7.89,0.2
179,26.7,12.91,53.33,6.66,0.4
180,26.11,11.91,54.56,7.35,0.07
181,26.02,12.97,52.57,7.98,0.46
182,26.89,13.16,52.46,6.82,0.66
183,25.94,12.8,51.99,8.39,0.88
184,25.8,13.41,53.55,6.74,0.51
185,26.81,12.79,52.73,7.32,0.35
186,25.81,14.29,53.0,6.91,0.0
187,26.46,12.82,51.38,8.51,0.82
188,26.82,11.61,53.96,6.98,0.63
189,26.26,13.35,52.08,6.97,1.34
190,26.45,13.57,51.43,7.77,0.79
191,26.57,12.87,52.91,6.96,0.68
192,27.15,12.58,53.06,7.04,0.17
193,25.59,12.25,53.51,8.27,0.39
194,27.59,11.29,54.55,6.58,0.0
195,26.93,12.37,53.09,7.42,0.19
196,26.01,12.44,53.06,7.88,0.62
197,30.3,8.42,52.19,9.09,0.0
198,25.49,12.08,53.88,8.39,0.16
199,27.1,12.03,52.69,7.59,0.58
200,26.99,12.09,53.22,7.53,0.16
201,26.73,11.95,50.94,9.43,0.94
202,25.93,12.96,52.31,8.33,0.46
203,26.11,12.78,52.82,7.39,0.91
204,27.51,12.72,52.83,6.51,0.43
205,25.46,13.66,52.25,7.82,0.8
206,26.37,13.43,52.81,7.24,0.14
207,28.87,9.97,52.69,8.48,0.0
208,25.97,12.34,53.63,8.06,0.0
209,25.5,12.71,54.07,7.43,0.29
210,26.18,12.96,51.94,8.16,0.76
211,25.48,13.39,51.29,8.87,0.97
212,26.41,11.85,53.48,8.04,0.22
213,26.97,12.75,52.27,7.88,0.13
214,25.03,13.98,53.3,7.18,0.51
215,26.37,13.29,52.29,7.26,0.79
216,24.86,10.72,54.03,10.17,0.22
217,26.48,13.3,52.83,6.77,0.62
218,28.68,9.69,51.94,9.69,0.0
219,24.41,11.23,54.43,9.72,0.22
220,25.8,12.7,53.91,7.36,0.23
221,24.6,9.68,55.65,9.68,0.4
222,27.26,12.37,53.12,6.33,0.93
223,27.94,13.73,50.49,6.86,0.98
224,25.23,11.21,53.27,8.41,1.87
225,26.51,11.98,53.7,7.69,0.11
226,26.01,12.13,54.31,7.29,0.26
227,26.22,11.99,54.02,7.65,0.11
228,26.22,13.22,51.0,8.67,0.89
229,26.42,11.74,52.94,8.24,0.66
230,26.31,13.1,51.75,7.97,0.87
231,26.18,10.73,53.95,9.04,0.09
232,26.65,13.22,50.99,8.26,0.88
233,25.75,11.59,57.08,5.58,0.0
234,26.28,11.97,53.45,8.13,0.17
235,25.16,14.58,51.08,8.21,0.97
236,27.11,13.67,51.95,7.16,0.11
237,25.91,13.06,53.32,6.85,0.86
238,25.85,11.79,53.46,8.83,0.07
239,25.14,12.66,53.49,7.79,0.92
240,26.3,11.96,53.68,7.9,0.16
241,26.67,12.13,53.17,7.31,0.71
242,25.2,14.96,50.66,8.14,1.05
243,25.83,11.53,52.64,9.17,0.83
244,26.09,12.07,53.54,7.92,0.39
245,26.19,10.12,54.76,8.93,0.0
246,26.76,12.77,52.41,7.84,0.22
247,27.03,12.83,53.01,6.97,0.16
248,26.03,12.5,52.98,7.45,1.03
249,25.66,13.35,52.23,7.86,0.9
250,25.87,9.65,55.21,9.27,0.0
251,25.96,12.37,53.14,7.32,1.22
252,26.05,11.79,55.13,7.03,0.0
253,26.86,10.95,53.16,8.47,0.56
254,26.17,13.31,51.01,8.61,0.89
255,27.05,11.93,53.46,6.83,0.73
256,26.09,13.12,53.02,7.62,0.15
257,26.1,12.58,52.82,8.3,0.21
258,24.3,14.84,52.47,7.53,0.86
259,26.89,12.96,52.71,6.77,0.68
260,26.27,13.38,52.15,7.25,0.96
261,25.28,13.57,51.93,8.22,1.0
262,25.94,12.26,54.72,7.08,0.0
263,25.75,13.02,54.65,6.15,0.43
264,27.37,10.03,56.1,6.5,0.0
265,25.85,13.77,51.8,7.98,0.6
266,26.23,13.12,53.07,7.46,0.11
267,25.74,12.06,53.22,8.78,0.2
268,25.73,11.79,54.18,8.08,0.21
269,26.83,8.72,56.19,8.26,0.0
270,26.09,14.01,53.14,6.76,0.0
271,27.26,12.97,50.9,7.88,0.99
272,27.24,9.29,56.04,7.43,0.0
273,26.56,12.3,53.98,7.1,0.06
274,27.91,12.75,51.25,8.01,0.09
275,25.74,13.05,53.86,7.17,0.18
276,27.18,12.42,51.34,8.72,0.34
277,25.8,14.22,51.61,7.34,1.03
278,26.64,13.06,53.46,6.75,0.09
279,27.31,12.61,52.45,7.53,0.09
280,26.55,12.29,52.31,7.96,0.88
281,27.7,12.84,51.35,8.11,0.0
282,26.72,12.53,53.12,7.33,0.31
283,26.07,12.39,53.74,7.61,0.18
284,26.66,11.97,53.31,7.47,0.59
285,27.67,13.42,52.04,6.71,0.17
286,27.81,11.22,53.35,6.87,0.75
287,24.83,10.81,54.47,9.35,0.53
288,26.63,11.97,53.86,7.29,0.26
289,26.56,12.72,52.97,7.33,0.41
290,25.74,13.88,51.48,8.33,0.57
291,26.07,13.03,54.3,6.6,0.0
292,25.9,11.86,53.49,8.61,0.14
293,27.42,12.66,52.26,6.94,0.73
294,25.85,13.14,52.98,7.18,0.85
295,27.01,12.53,53.28,6.5,0.67
296,26.25,12.06,53.51,8.02,0.17
297,25.66,13.57,53.07,6.95,0.74
298,24.57,12.72,52.68,8.91,1.12
299,26.12,13.44,51.47,8.19,0.77
300,27.42,12.02,54.2,6.25,0.11
301,26.67,11.78,53.17,7.83,0.54
302,24.63,11.1,53.49,10.57,0.21
303,26.0,12.69,52.53,8.7,0.09
304,24.72,12.48,53.37,8.45,0.98
305,30.84,12.15,51.4,5.61,0.0
306,26.44,13.16,50.77,8.74,0.88
307,25.0,11.08,54.05,9.19,0.68
308,27.75,11.76,52.69,7.16,0.64
309,25.81,12.74,51.85,8.87,0.73
310,25.22,13.04,53.26,7.83,0.65
311,25.12,12.56,53.9,8.11,0.32
312,25.55,12.17,52.82,9.36,0.1
313,25.9,12.46,53.07,7.69,0.88
314,26.38,12.89,53.44,7.29,0.0
315,27.61,12.24,52.72,7.06,0.37
316,25.43,13.46,53.34,7.27,0.5
317,25.33,12.32,54.19,8.05,0.11
318,25.68,11.63,52.67,9.64,0.37
319,25.69,11.83,54.55,7.94,0.0
320,26.94,12.88,53.06,6.4,0.72
321,26.83,12.09,53.46,7.56,0.06
322,25.74,12.24,53.78,7.94,0.3
323,29.53,8.29,53.89,8.29,0.0
324,25.99,11.85,53.98,7.84,0.34
325,26.48,12.27,52.56,7.87,0.82
326,25.92,13.08,51.34,8.68,0.98
327,26.68,9.62,58.17,4.81,0.72
328,25.12,12.71,54.03,7.98,0.16
329,26.21,13.43,51.53,8.06,0.77
330,26.3,13.38,52.08,7.34,0.91
331,26.17,10.99,53.78,8.72,0.34
332,25.9,12.76,53.85,7.33,0.16
333,32.64,7.44,50.0,9.92,0.0
334,25.2,10.57,55.69,8.54,0.0
335,24.85,12.9,51.95,9.44,0.87
336,26.83,13.76,51.32,7.22,0.88
337,26.56,12.06,54.01,7.13,0.24
338,26.88,11.14,51.09,9.93,0.97
339,25.72,12.71,53.22,8.28,0.06
340,28.68,9.69,51.94,9.69,0.0
341,26.29,11.68,53.72,8.2,0.11
342,25.65,14.14,50.61,8.55,1.05
343,25.21,12.55,54.81,7.06,0.37
344,26.46,12.07,53.31,7.83,0.33
345,26.51,12.83,52.96,7.13,0.57
346,27.3,12.16,53.06,6.67,0.81
347,27.01,12.77,53.38,6.42,0.42
348,25.37,11.94,53.78,8.83,0.07
349,26.67,11.11,57.04,5.19,0.0
350,26.98,13.14,52.25,7.46,0.18
351,26.85,12.0,53.75,7.25,0.15
352,25.34,12.98,52.93,7.8,0.94
353,28.14,10.78,52.99,7.49,0.6
354,25.05,13.67,53.43,7.33,0.52
355,25.9,12.45,53.51,8.13,0.0
356,27.27,13.95,51.18,6.72,0.87
357,26.96,12.37,53.19,6.65,0.83
358,26.03,13.05,52.65,7.95,0.32
359,26.26,13.66,52.33,7.49,0.25
360,24.94,13.0,53.51,8.31,0.23
361,26.94,14.22,51.94,6.9,0.0
362,26.55,12.81,51.65,8.19,0.79
363,26.51,12.95,52.92,7.34,0.28
364,25.92,13.13,52.73,7.34,0.89
365,26.01,12.49,53.06,8.37,0.06
366,26.3,12.82,53.53,6.99,0.36
367,24.9,10.37,56.02,8.71,0.0
368,25.47,13.67,52.45,8.0,0.41
369,26.52,13.15,50.72,8.73,0.88
370,24.95,13.59,54.0,7.45,0.0
371,27.17,12.26,53.01,7.15,0.41
372,25.41,12.55,53.16,8.47,0.41
373,26.02,13.08,52.97,7.66,0.26
374,26.03,12.3,53.38,8.12,0.17
375,25.69,12.13,54.06,7.94,0.18
376,30.95,13.69,48.81,6.55,0.0
377,26.93,13.65,52.6,6.61,0.21
378,27.32,12.63,52.84,6.96,0.26
379,26.92,12.5,51.28,8.65,0.64
380,26.34,13.1,52.28,7.59,0.67
381,26.95,12.28,51.8,8.38,0.6
382,25.87,12.1,54.17,7.72,0.14
383,25.89,9.22,53.9,10.99,0.0
384,26.72,12.21,52.36,7.98,0.73
385,25.26,12.82,52.61,8.36,0.95
386,26.03,11.97,54.67,7.07,0.26
387,26.13,12.71,52.98,7.61,0.57
388,25.47,10.98,54.17,9.09,0.28
389,25.86,13.93,52.11,7.52,0.58
390,28.5,9.16,55.22,7.12,0.0
391,26.28,14.19,52.29,7.23,0.0
392,25.75,12.83,53.32,7.92,0.17
393,25.77,13.89,51.21,8.2,0.92
394,25.74,13.82,52.24,7.34,0.86
395,27.49,12.72,52.6,6.46,0.73
396,26.12,12.58,51.92,8.53,0.85
397,28.28,13.01,51.94,6.34,0.43
398,26.18,13.14,51.0,8.83,0.84
399,26.13,12.36,53.49,7.92,0.1
400,26.33,12.89,51.78,8.11,0.89
401,26.22,12.32,53.41,8.05,0.0
402,26.25,13.35,51.06,8.45,0.89
403,25.71,13.47,52.64,7.28,0.9
404,27.61,12.29,52.68,6.73,0.68
405,28.33,8.87,56.16,6.65,0.0
406,25.85,10.88,55.65,7.49,0.14
407,25.77,13.51,52.54,7.84,0.33
408,24.73,11.29,54.3,9.14,0.54
409,26.01,12.33,53.86,7.73,0.07
410,28.55,12.89,49.47,9.08,0.0
411,26.28,13.03,51.57,8.25,0.87
412,25.55,13.98,51.98,8.1,0.39
413,25.26,12.87,52.16,8.42,1.29
414,25.6,12.1,54.64,7.46,0.2
415,26.44,13.91,51.38,7.36,0.92
416,25.7,13.8,52.3,7.3,0.9
417,26.72,12.49,53.52,6.96,0.3
418,26.69,13.61,52.41,6.97,0.33
419,26.34,13.22,52.59,7.47,0.38
420,24.74,9.34,54.67,10.9,0.35
421,32.44,9.03,51.17,7.36,0.0
422,26.2,13.29,51.52,8.23,0.76
423,26.51,14.33,52.32,6.77,0.07
424,28.41,10.14,54.2,7.25,0.0
425,27.4,13.22,50.32,8.21,0.85
426,26.73,13.73,52.92,6.5,0.12
427,25.6,11.4,53.82,8.5,0.68
428,25.69,11.88,55.58,6.84,0.0
429,27.16,12.48,52.59,7.14,0.63
430,25.77,13.05,53.4,7.39,0.4
431,25.59,12.84,53.89,7.59,0.09
432,24.24,14.49,52.83,7.91,0.53
433,26.67,13.33,51.85,7.62,0.53
434,26.57,11.69,53.22,7.88,0.64
435,26.52,12.75,51.21,8.7,0.81
436,26.6,12.11,53.08,8.09,0.11
437,26.27,13.1,52.47,7.41,0.75
438,29.63,10.37,52.22,7.78,0.0
439,26.67,11.94,51.94,8.89,0.56
440,24.37,8.4,54.62,12.61,0.0
441,26.17,13.28,52.61,7.14,0.79
442,27.38,11.27,53.19,7.7,0.46
443,26.42,11.32,53.1,9.16,0.0
444,25.24,12.35,54.05,7.83,0.54
445,27.21,11.64,53.61,6.9,0.64
446,25.47,13.8,51.84,7.51,1.39
447,26.9,12.23,52.79,7.65,0.44
448,26.69,12.66,52.84,7.28,0.53
449,25.89,13.93,52.18,7.34,0.66
450,28.46,12.24,52.07,6.6,0.64
451,26.12,10.59,54.18,8.74,0.37
452,26.24,12.98,53.53,7.16,0.1
453,26.09,9.06,54.71,10.14,0.0
454,26.25,12.43,51.97,8.5,0.85
455,26.74,12.81,51.23,8.4,0.82
456,26.51,12.74,52.78,7.04,0.94
457,25.77,11.78,54.83,7.23,0.39
458,26.56,13.02,52.67,7.23,0.52
459,26.21,13.35,52.18,7.52,0.73
460,27.56,12.49,52.36,6.96,0.62
461,26.12,13.44,51.47,8.19,0.77
462,25.94,13.67,51.6,7.25,1.53
463,25.78,12.06,53.68,8.35,0.13
464,26.77,13.65,52.12,6.72,0.74
465,26.25,12.51,53.15,7.44,0.65
466,26.33,12.27,53.0,7.79,0.62
467,25.56,12.72,52.01,8.82,0.89
468,26.54,13.11,50.88,8.59,0.88
469,27.26,11.9,52.38,8.45,0.0
470,26.42,11.42,53.58,8.17,0.42
471,25.79,13.26,52.13,7.99,0.82
472,28.9,12.66,51.62,6.82,0.0
473,26.74,10.53,53.39,9.07,0.27
474,27.38,12.55,52.7,6.84,0.53
475,26.45,13.01,50.71,8.96,0.87
476,25.72,12.94,53.12,8.22,0.0
477,26.96,12.97,51.99,6.94,1.14
478,28.83,10.81,51.35,8.11,0.9
479,25.9,13.05,52.62,7.61,0.82
480,27.44,13.06,52.83,5.92,0.74
481,25.28,13.02,52.51,8.68,0.51
482,26.19,13.68,51.35,8.0,0.77
483,26.14,13.43,52.53,7.11,0.79
484,27.24,13.62,50.71,7.62,0.81
485,26.28,12.18,54.81,6.73,0.0
486,26.25,11.93,53.42,8.4,0.0
487,27.42,12.22,53.65,6.31,0.4
488,27.03,12.59,53.35,6.81,0.22
489,27.19,14.15,51.03,6.36,1.27
490,25.41,9.84,56.56,7.38,0.82
491,25.8,13.17,52.83,7.85,0.34
492,25.63,13.35,50.77,9.3,0.95
493,25.53,11.32,53.93,8.64,0.58
494,25.56,12.33,54.06,7.89,0.15
495,26.28,13.81,50.56,8.35,1.0
496,27.13,11.7,52.66,8.51,0.0
497,26.0,13.41,51.69,7.98,0.92
498,26.35,12.49,53.36,7.65,0.14
499,26.69,12.81,53.24,7.05,0.22
500,25.75,11.59,54.08,8.5,0.09
501,26.24,13.77,52.36,7.51,0.12
502,24.6,13.93,53.47,7.47,0.53
503,27.19,12.34,53.43,6.43,0.61
504,25.5,12.84,53.1,7.74,0.82
505,25.2,14.8,50.4,9.2,0.4
506,26.38,12.0,53.94,7.56,0.12
507,25.44,13.54,51.55,8.61,0.87
508,25.31,12.07,53.89,8.57,0.16
509,27.55,12.61,52.71,7.07,0.06
510,31.98,8.11,52.25,7.66,0.0
511,26.37,11.98,54.13,7.52,0.0
512,31.88,8.05,52.01,8.05,0.0
513,27.91,12.16,52.95,6.35,0.63
514,25.08,11.15,54.45,9.11,0.21
515,25.86,8.28,54.83,11.03,0.0
516,26.11,12.1,54.2,7.41,0.19
517,26.82,12.49,52.81,7.71,0.18
518,26.94,12.18,52.71,7.46,0.71
519,26.06,13.39,51.73,7.84,0.98
520,26.33,11.67,54.22,7.46,0.32
521,26.51,10.85,53.7,8.84,0.1
522,26.58,13.06,52.55,6.61,1.2
523,24.77,12.42,54.03,8.72,0.06
524,25.72,12.72,52.83,7.8,0.93
525,26.36,13.37,51.7,7.82,0.76
526,24.64,10.8,54.55,9.75,0.26
527,25.49,12.86,53.37,7.5,0.77
528,25.99,11.61,55.15,6.99,0.26
529,27.59,12.7,52.19,6.64,0.88
530,25.99,12.32,53.63,7.94,0.12
531,25.27,13.1,52.92,8.65,0.06
532,26.18,12.61,51.82,8.55,0.85
533,26.33,11.86,54.32,7.15,0.35
534,26.2,13.29,51.65,8.1,0.76
535,29.07,11.05,51.74,6.98,1.16
536,26.24,12.49,51.96,8.47,0.85
537,25.74,12.77,53.73,7.66,0.1
538,25.93,12.64,53.7,7.66,0.07
539,26.15,14.05,52.86,6.83,0.11
540,25.44,13.49,51.01,9.35,0.71
541,24.54,14.56,52.18,7.68,1.03
542,25.71,13.31,51.79,8.63,0.55
543,24.53,13.81,53.57,7.48,0.61
544,26.68,11.72,53.95,7.07,0.58
545,24.98,12.45,53.49,8.66,0.42
546,25.7,13.9,50.61,8.9,0.89
547,27.98,11.92,50.26,9.84,0.0
548,26.43,10.09,55.11,8.37,0.0
549,25.28,11.44,53.65,9.63,0.0
550,24.18,11.52,54.68,9.62,0.0
551,25.99,12.45,53.73,7.71,0.12
552,25.77,11.56,53.94,8.56,0.17
553,31.07,7.77,51.46,9.71,0.0
554,26.46,13.6,52.78,7.16,0.0
555,26.36,11.74,54.66,7.04,0.2
556,26.84,12.92,53.28,6.46,0.5
557,26.28,13.18,52.86,7.15,0.53
558,27.88,10.19,54.16,7.77,0.0
559,26.97,11.84,53.29,7.89,0.0
560,25.92,12.57,53.34,7.6,0.57
561,26.32,12.67,52.07,7.86,1.08
562,26.58,12.04,54.04,7.11,0.24
563,26.12,12.72,52.72,7.57,0.87
564,25.83,11.83,53.82,8.3,0.22
565,28.28,10.86,52.02,8.84,0.0
566,27.17,12.99,51.18,8.27,0.39
567,27.34,13.09,52.69,6.13,0.75
568,26.52,13.15,51.16,8.29,0.88
569,28.05,12.11,53.03,6.28,0.54
570,24.59,14.16,51.12,8.94,1.19
571,27.23,13.45,50.61,7.72,0.99
572,26.03,11.66,54.29,8.02,0.0
573,25.67,13.08,52.69,7.58,0.98
574,26.02,13.2,53.05,6.85,0.89
575,26.11,13.05,52.21,7.94,0.69
576,24.93,13.94,54.08,7.04,0.0
577,24.73,12.9,52.07,9.82,0.47
578,26.43,12.33,54.19,7.05,0.0
579,26.13,12.51,54.56,6.59,0.22
580,26.99,13.22,52.42,7.31,0.06
581,26.49,13.65,51.62,7.97,0.27
582,27.4,11.75,53.98,6.51,0.36
583,25.0,14.25,53.76,6.99,0.0
584,26.5,11.64,53.32,8.22,0.32
585,28.12,8.98,56.64,6.25,0.0
586,25.99,13.25,52.42,7.82,0.52
587,26.25,12.91,51.63,8.35,0.87
588,26.51,13.38,52.12,7.99,0.0
589,26.56,13.85,52.31,6.77,0.51
590,27.64,12.73,51.91,7.09,0.64
591,27.13,11.28,53.91,7.49,0.19
592,25.72,13.97,52.22,7.44,0.65
593,25.31,12.7,53.06,8.84,0.09
594,25.61,13.98,51.82,7.64,0.95
595,25.0,9.68,55.65,9.68,0.0
596,26.56,13.58,51.9,7.27,0.69
597,26.84,12.53,52.71,7.29,0.62
598,25.8,12.9,54.93,6.3,0.07
599,26.15,8.48,55.12,10.25,0.0
600,27.31,13.44,51.94,6.75,0.56
601,29.13,9.84,50.79,10.24,0.0
602,25.98,11.87,54.05,8.1,0.0
603,25.59,13.21,51.6,8.62,0.97
604,25.76,12.82,53.16,7.87,0.39
605,25.79,13.64,52.49,8.08,0.0
606,25.27,13.52,51.01,9.25,0.95
607,26.6,13.13,50.99,8.39,0.88
608,26.36,13.18,50.91,8.64,0.91
609,26.13,13.58,51.36,8.15,0.78
610,27.07,12.68,52.34,7.05,0.86
611,26.75,11.87,53.45,7.66,0.27
612,25.82,14.07,52.46,7.38,0.27
613,26.09,9.06,54.35,10.51,0.0
614,25.77,11.54,52.69,8.97,1.03
615,26.29,14.01,52.59,7.11,0.0
616,25.67,12.51,52.62,8.56,0.64
617,26.16,13.47,52.44,7.27,0.66
618,26.19,11.73,53.55,8.19,0.34
619,26.9,12.13,52.92,7.8,0.26
620,24.97,10.95,54.05,9.81,0.23
621,26.52,11.55,54.01,7.93,0.0
622,26.4,13.54,52.26,7.8,0.0
623,27.15,12.45,52.93,6.81,0.65
624,26.26,14.06,51.06,7.82,0.8
625,26.54,12.88,53.08,7.1,0.39
626,25.12,13.69,53.69,7.02,0.48
627,27.05,11.99,51.37,8.56,1.03
628,25.34,13.23,53.06,7.37,1.0
629,27.48,12.6,52.39,7.06,0.48
630,26.73,13.14,50.89,8.35,0.89
631,27.08,11.53,55.33,5.94,0.12
632,28.24,11.87,52.83,6.9,0.16
633,25.49,12.25,53.92,8.33,0.0
634,26.78,10.38,53.01,9.84,0.0
635,26.46,12.09,53.47,7.7,0.27
636,25.85,13.13,51.59,8.41,1.03
637,24.91,13.62,53.22,7.63,0.63
638,26.11,13.08,53.27,7.3,0.23
639,28.22,13.84,51.04,6.89,0.0
640,26.15,12.65,51.77,8.57,0.86
641,25.22,12.91,53.3,8.08,0.49
642,26.06,13.42,52.01,7.61,0.89
643,27.08,9.88,53.91,9.14,0.0
644,25.85,11.36,54.22,8.43,0.14
645,25.64,12.42,54.61,7.12,0.22
646,27.36,11.62,53.35,7.59,0.08
647,27.6,11.74,53.85,6.27,0.54
648,26.25,13.77,51.35,7.85,0.77
649,26.56,13.05,52.35,7.2,0.84
650,26.43,14.12,52.51,6.77,0.18
651,26.74,13.76,50.85,7.81,0.85
652,26.02,12.97,52.26,8.08,0.67
653,25.64,12.78,54.06,7.22,0.3
654,24.9,10.98,54.62,8.84,0.67
655,25.75,11.14,54.42,8.53,0.16
656,26.27,12.39,53.34,7.88,0.11
657,25.42,12.54,54.07,7.97,0.0
658,27.08,14.23,50.9,6.95,0.84
659,25.79,13.01,52.02,8.31,0.87
660,26.39,12.28,53.51,7.09,0.73
661,26.51,11.54,53.53,8.32,0.1
662,25.48,12.95,52.89,7.85,0.83
663,25.43,13.12,53.47,7.63,0.35
664,26.17,12.23,52.73,8.1,0.78
665,25.5,13.28,53.89,7.02,0.31
666,25.43,11.66,54.05,8.38,0.48
667,26.16,8.96,54.48,10.39,0.0
668,27.19,12.63,52.68,7.49,0.0
669,25.68,12.53,53.19,8.54,0.06
670,26.66,11.56,54.62,6.94,0.22
671,26.9,13.37,52.96,6.6,0.17
672,27.34,12.11,50.78,8.98,0.78
673,25.14,12.96,52.59,9.21,0.1
674,24.95,12.36,54.25,8.0,0.44
675,29.25,9.43,52.36,8.96,0.0
676,26.29,12.59,53.35,7.65,0.12
677,25.09,12.49,53.99,8.38,0.06
678,25.98,13.22,52.11,7.99,0.69
679,26.35,12.42,53.8,6.84,0.59
680,26.37,12.96,52.57,7.25,0.86
681,27.27,15.58,49.35,7.79,0.0
682,26.87,11.9,52.38,8.5,0.34
683,24.76,14.12,52.63,7.85,0.63
684,25.75,13.04,52.48,7.65,1.08
685,27.53,11.37,52.35,8.03,0.73
686,25.7,13.12,52.58,7.78,0.81
687,25.52,13.59,51.04,8.92,0.93
688,26.46,12.23,53.41,7.24,0.67
689,25.88,11.04,53.73,9.02,0.34
690,28.11,13.2,51.81,6.18,0.69
691,26.65,12.55,52.55,7.63,0.62
692,25.76,12.72,53.75,7.66,0.1
693,26.39,13.26,52.45,7.12,0.78
694,25.95,13.51,52.63,7.19,0.73
695,24.52,11.53,53.45,10.28,0.23
696,26.91,11.69,54.16,6.83,0.41
697,28.06,9.35,56.47,6.12,0.0
698,28.49,9.76,53.12,8.63,0.0
699,25.68,13.17,52.87,8.28,0.0
700,29.05,9.25,54.76,6.94,0.0
701,25.47,12.1,54.03,8.23,0.16
702,26.62,13.31,51.54,7.85,0.68
703,26.86,12.67,52.09,7.76,0.61
704,27.06,10.56,55.12,6.93,0.33
705,25.74,13.4,52.43,7.59,0.83
706,25.39,12.65,53.77,8.03,0.16
707,26.31,14.05,51.47,7.68,0.49
708,26.18,13.37,51.8,7.75,0.9
709,28.37,11.61,53.31,6.21,0.49
710,24.7,9.56,55.78,9.56,0.4
711,26.2,13.27,50.95,8.7,0.89
712,26.35,12.32,53.1,7.5,0.73
713,26.33,14.42,50.85,7.49,0.91
714,25.3,12.0,53.19,9.05,0.46
715,28.03,12.83,52.23,6.28,0.64
716,25.87,13.99,52.47,6.83,0.84
717,26.86,12.23,53.04,7.31,0.55
718,27.77,11.4,51.9,8.26,0.66
719,26.32,11.76,55.42,6.5,0.0
720,26.4,14.45,52.07,6.97,0.11
721,25.63,14.72,51.17,7.5,0.97
722,25.73,12.38,53.45,8.27,0.17
723,25.27,11.16,53.9,9.14,0.54
724,25.6,11.4,53.82,8.5,0.68
725,27.15,12.36,52.3,8.02,0.16
726,26.11,13.91,51.94,7.19,0.85
727,26.72,13.8,52.14,7.28,0.06
728,23.26,15.5,50.39,10.08,0.78
729,27.07,10.97,53.85,8.12,0.0
730,25.95,12.97,53.86,6.87,0.35
731,25.37,11.66,54.06,8.42,0.49
732,26.56,13.07,50.93,8.61,0.83
733,24.6,13.84,53.36,7.66,0.54
734,25.95,12.76,52.02,8.4,0.87
735,25.95,12.34,54.42,7.09,0.19
736,24.9,14.94,50.62,8.71,0.83
737,25.26,14.57,52.41,7.13,0.63
738,24.51,9.34,54.86,10.51,0.78
739,25.34,12.04,53.82,8.22,0.59
740,26.8,12.11,53.69,6.62,0.77
741,27.42,8.7,57.19,6.69,0.0
742,26.08,12.85,53.35,7.35,0.38
743,25.39,12.36,55.19,7.06,0.0
744,28.29,9.96,50.6,11.16,0.0
745,26.46,10.64,53.58,9.23,0.09
746,25.29,13.1,53.54,7.91,0.16
747,26.97,12.4,53.54,6.52,0.56
748,24.39,12.8,53.66,8.54,0.61
749,25.39,13.43,53.73,6.93,0.52
750,27.22,12.51,52.56,6.92,0.79
751,30.77,15.38,46.15,7.69,0.0
752,26.26,12.25,53.81,7.45,0.23
753,25.55,13.64,52.7,7.62,0.49
754,26.51,11.49,54.92,7.0,0.08
755,26.71,12.78,52.26,7.59,0.67
756,27.03,12.4,53.42,7.0,0.16
757,25.0,14.41,51.88,7.52,1.19
758,25.36,12.72,53.73,8.02,0.16
759,26.17,11.59,53.26,8.7,0.29
760,26.5,13.29,53.14,6.64,0.43
761,27.78,12.3,51.19,7.94,0.79
762,26.32,12.53,53.78,7.04,0.34
763,27.35,9.94,52.21,9.39,1.1
764,32.52,7.98,50.92,8.59,0.0
765,25.09,12.03,54.18,8.45,0.26
766,26.29,12.18,54.05,7.37,0.11
767,28.0,12.56,52.66,6.14,0.63
768,26.27,12.09,53.37,8.16,0.11
769,25.73,13.6,52.7,7.08,0.9
770,26.09,12.9,52.69,7.81,0.52
771,26.67,12.3,53.8,7.23,0.0
772,26.35,13.28,51.75,7.65,0.96
773,25.8,13.45,52.45,7.36,0.93
774,26.43,13.21,52.85,6.91,0.6
775,24.79,11.57,55.1,8.26,0.28
776,25.87,12.59,53.65,7.79,0.11
777,27.56,12.34,52.81,6.78,0.51
778,25.57,12.1,53.4,8.02,0.91
779,25.82,9.34,58.24,6.59,0.0
780,27.19,13.07,51.49,7.54,0.7
781,27.07,12.37,51.67,8.15,0.73
782,27.91,10.57,53.66,7.86,0.0
783,26.3,12.51,52.07,8.27,0.85
784,23.78,8.54,55.49,11.59,0.61
785,26.3,12.64,53.03,7.69,0.34
786,26.54,13.11,50.77,8.7,0.88
787,25.2,10.57,54.47,8.94,0.81
788,25.73,13.36,53.28,7.09,0.53
789,25.89,12.35,53.34,8.1,0.31
790,25.69,13.15,53.14,7.22,0.81
791,25.17,9.52,57.14,8.16,0.0
792,25.27,12.83,52.69,8.23,0.98
793,26.8,10.78,54.1,8.32,0.0
794,26.04,10.59,54.42,8.84,0.1
795,24.48,13.99,54.55,6.99,0.0
796,25.2,12.82,54.29,7.6,0.09
797,25.77,13.43,52.04,8.25,0.51
798,25.62,12.53,53.58,7.38,0.89
799,28.2,11.14,53.59,6.88,0.19
800,26.32,13.45,50.99,8.33,0.91
801,25.96,12.37,52.13,9.33,0.2
802,26.52,13.91,53.91,5.65,0.0
803,29.02,13.73,51.37,5.88,0.0
804,25.15,13.61,51.76,8.51,0.97
805,27.45,12.74,52.58,6.8,0.43
806,27.73,11.43,53.8,6.61,0.43
807,24.78,8.85,53.54,12.83,0.0
808,25.75,14.23,51.81,7.3,0.9
809,26.15,11.69,54.57,7.6,0.0
810,26.72,12.83,51.01,8.59,0.85
811,26.18,10.14,54.65,8.76,0.28
812,28.57,9.52,54.76,7.14,0.0
813,26.92,10.49,55.94,6.64,0.0
814,25.65,12.77,53.09,8.43,0.06
815,26.13,13.64,51.35,8.11,0.77
816,25.95,13.22,51.9,7.77,1.16
817,25.61,12.33,52.71,8.87,0.48
818,27.34,11.87,51.44,8.63,0.72
819,28.34,10.14,54.38,7.14,0.0
820,26.79,12.72,51.79,8.48,0.22
821,25.93,13.03,50.75,9.33,0.96
822,25.29,9.74,57.54,7.42,0.0
823,26.28,11.81,53.8,7.79,0.32
824,25.95,10.97,53.63,9.26,0.19
825,26.53,12.83,51.7,8.07,0.87
826,26.05,12.09,53.41,8.34,0.11
827,26.16,10.64,54.77,8.43,0.0
828,27.49,11.77,54.31,6.29,0.15
829,27.31,13.26,52.31,6.77,0.36
830,26.18,13.09,52.71,7.2,0.82
831,25.76,13.85,52.49,7.62,0.28
832,28.98,11.21,52.59,6.62,0.6
833,26.33,13.22,51.14,8.45,0.87
834,26.77,11.99,53.49,7.54,0.2
835,25.07,14.63,50.15,9.55,0.6
836,27.36,10.14,54.53,7.97,0.0
837,25.19,9.16,56.49,9.16,0.0
838,25.45,13.68,51.11,8.85,0.91
839,26.58,9.66,54.01,9.74,0.0
840,27.28,12.2,53.3,6.78,0.45
841,25.68,13.84,52.16,7.6,0.72
842,25.55,13.63,51.22,8.64,0.97
843,25.55,11.39,53.97,8.61,0.48
844,26.4,9.6,55.6,8.4,0.0
845,27.48,10.64,51.24,9.65,0.99
846,29.21,13.86,50.5,6.44,0.0
847,24.93,10.84,54.88,8.54,0.81
848,25.31,11.25,53.85,9.38,0.21
849,26.42,13.05,51.34,8.34,0.86
850,27.81,11.25,53.37,7.57,0.0
851,24.79,12.87,52.09,9.06,1.19
852,29.27,10.37,53.66,6.71,0.0
853,25.29,12.73,53.27,7.98,0.73
854,26.14,13.78,51.24,8.06,0.78
855,25.85,12.69,53.82,7.59,0.05
856,24.78,14.12,52.16,8.93,0.0
857,26.3,13.15,52.01,7.56,0.98
858,26.52,13.95,50.97,8.29,0.28
859,25.85,12.02,53.21,8.71,0.21
860,26.12,11.96,53.09,8.57,0.25
861,24.94,14.3,52.55,7.1,1.11
862,26.16,12.13,53.36,8.17,0.17
863,26.75,13.76,51.84,7.64,0.0
864,26.39,13.36,51.78,7.57,0.89
865,27.36,12.5,51.35,8.45,0.34
866,26.17,11.41,53.56,8.25,0.61
867,26.52,11.9,53.67,7.67,0.24
868,27.44,12.24,53.02,6.69,0.6
869,26.21,12.5,53.63,7.66,0.0
870,25.02,13.66,53.38,7.35,0.59
871,26.54,11.42,54.96,7.01,0.08
872,26.61,15.45,51.5,6.01,0.43
873,26.55,13.8,52.4,6.32,0.94
874,25.29,13.45,52.94,7.72,0.61
875,26.24,11.35,56.74,5.67,0.0
876,26.37,13.84,53.0,6.7,0.09
877,26.5,12.15,53.73,7.26,0.37
878,26.45,12.85,52.77,7.38,0.55
879,25.97,12.67,53.56,7.12,0.69
880,25.33,13.22,54.54,6.58,0.33
881,26.29,13.49,52.79,7.15,0.27
882,26.49,15.65,51.69,6.09,0.08
883,26.71,11.73,53.59,7.36,0.61
884,25.77,13.99,53.41,6.83,0.0
885,25.78,12.86,53.31,7.68,0.37
886,26.13,12.46,53.16,8.18,0.06
887,26.04,11.53,54.64,7.58,0.21
888,26.1,13.09,52.05,8.04,0.71
889,27.28,12.49,52.76,7.42,0.06
890,26.66,11.61,54.44,7.05,0.24
891,26.34,11.92,53.62,7.94,0.18
892,25.2,12.64,53.28,8.48,0.4
893,27.08,13.6,52.36,6.53,0.42
894,26.15,12.65,51.77,8.57,0.86
895,26.03,13.8,52.05,7.34,0.79
896,26.2,13.73,51.03,8.12,0.92
897,26.12,12.76,52.41,8.1,0.6
898,25.87,12.79,53.07,7.81,0.46
899,24.74,10.0,55.53,9.74,0.0
900,26.43,12.92,53.27,7.04,0.33
901,27.45,13.24,50.0,8.33,0.98
902,28.03,12.8,52.83,5.77,0.58
903,26.15,11.75,54.16,7.68,0.26
904,26.81,14.68,50.0,8.3,0.21
905,25.79,12.3,52.38,9.13,0.4
906,24.93,15.09,50.81,8.09,1.08
907,26.3,12.93,51.93,7.85,0.99
908,26.33,13.73,50.62,8.29,1.02
909,26.57,11.94,53.5,7.92,0.07
910,25.88,11.99,53.89,8.19,0.06
911,26.53,13.38,50.45,8.73,0.91
912,25.64,13.73,51.64,8.02,0.97
913,27.62,11.6,50.83,9.94,0.0
914,25.9,12.82,53.74,7.29,0.25
915,25.13,15.82,48.86,10.19,0.0
916,26.7,13.19,53.28,6.5,0.32
917,25.51,15.64,50.72,7.1,1.03
918,27.37,12.77,50.73,8.76,0.36
919,27.25,11.68,54.49,6.59,0.0
920,27.38,12.49,53.19,6.11,0.83
921,27.27,11.53,54.1,6.65,0.44
922,25.53,11.77,53.7,8.99,0.0
923,26.94,12.67,53.17,6.58,0.64
924,26.5,11.08,53.42,8.58,0.42
925,27.48,12.16,51.35,8.56,0.45
926,26.4,12.04,52.94,7.93,0.68
927,25.77,12.34,53.82,8.01,0.05
928,25.83,12.34,54.46,7.37,0.0
929,27.69,15.73,50.65,5.71,0.22
930,24.91,12.27,52.79,9.29,0.74
931,26.14,13.24,50.72,9.01,0.89
932,26.76,12.16,52.16,8.11,0.81
933,26.0,13.41,51.7,8.3,0.59
934,26.35,13.39,52.27,7.2,0.79
935,26.76,12.4,52.89,7.11,0.84
936,24.63,13.89,53.29,7.58,0.6
937,25.76,12.83,53.67,7.35,0.39
938,25.45,13.35,53.21,7.47,0.53
939,26.08,12.88,51.85,8.34,0.84
940,25.58,13.52,51.05,8.91,0.94
941,26.81,12.35,53.35,7.41,0.09
942,27.82,12.84,52.24,6.61,0.49
943,26.43,13.48,52.43,6.58,1.08
944,26.39,12.59,53.2,7.14,0.68
945,27.61,13.87,51.39,7.0,0.13
946,26.58,12.78,52.66,7.09,0.89
947,26.35,12.28,53.36,7.84,0.17
948,25.92,13.3,52.12,7.86,0.8
949,25.91,12.04,53.23,8.28,0.54
950,27.13,14.22,52.11,6.37,0.18
951,26.28,13.52,51.53,7.91,0.77
952,27.28,13.74,50.75,7.42,0.8
953,24.3,10.92,55.28,9.51,0.0
954,26.14,13.27,52.99,7.5,0.1
955,28.1,12.88,51.67,7.29,0.06
956,33.12,8.2,50.47,8.2,0.0
957,26.62,13.36,51.75,7.64,0.64
958,26.97,13.95,52.44,6.45,0.19
959,28.72,10.26,54.1,6.92,0.0
960,26.26,13.18,51.62,7.93,1.01
961,24.85,12.95,53.97,8.18,0.06
962,26.24,13.76,51.71,7.9,0.39
963,25.85,12.81,50.88,9.52,0.94
964,26.16,11.59,54.55,7.63,0.07
965,26.16,11.83,55.2,6.81,0.0
966,27.24,12.31,53.76,6.09,0.6
967,26.68,13.68,52.34,6.96,0.34
968,27.04,13.18,51.97,7.14,0.67
969,25.39,13.75,53.33,7.21,0.33
970,26.89,12.35,52.52,7.9,0.34
971,23.85,13.85,52.69,9.62,0.0
972,26.45,13.15,52.35,7.25,0.8
973,26.25,9.27,54.83,9.65,0.0
974,26.08,12.47,53.99,7.2,0.26
975,26.78,12.93,52.44,7.14,0.71
976,26.63,12.47,53.78,6.95,0.18
977,26.21,13.69,51.36,7.96,0.78
978,25.58,13.52,52.7,7.48,0.72
979,25.49,11.71,53.93,8.46,0.41
980,25.98,12.34,53.86,7.71,0.12
981,26.44,13.28,51.25,8.16,0.87
982,26.74,12.94,52.49,7.09,0.75
983,28.95,9.47,54.21,7.37,0.0
984,28.12,11.67,51.46,7.96,0.8
985,25.42,11.83,54.42,8.27,0.06
986,26.81,12.59,51.81,8.07,0.72
987,25.5,13.07,51.76,8.67,1.01
988,28.29,11.39,53.86,6.06,0.4
989,26.0,11.5,51.5,10.0,1.0
990,26.58,9.3,55.15,8.97,0.0
991,25.78,13.37,52.84,7.53,0.48
992,25.06,13.97,53.46,7.04,0.46
993,25.37,13.73,51.35,8.58,0.98
994,25.5,12.75,54.25,7.24,0.27
995,26.32,13.73,53.34,6.49,0.13
996,25.19,13.83,54.2,6.79,0.0
997,27.94,11.76,52.45,7.84,0.0
998,26.85,11.92,52.32,8.03,0.88
999,26.13,13.6,52.99,7.21,0.08
1000,25.33,17.0,50.33,7.33,0.0
1001,25.8,12.48,53.19,8.07,0.47
1002,26.01,12.75,51.34,9.9,0.0
1003,29.78,8.44,53.33,8.44,0.0
1004,26.0,12.33,53.75,7.8,0.12
1005,26.61,12.81,53.23,7.17,0.18
1006,27.34,12.17,53.47,6.51,0.5
1007,26.41,12.77,52.66,7.13,1.02
1008,25.29,11.9,53.59,9.22,0.0
1009,25.65,13.36,53.26,7.05,0.67
1010,25.84,13.9,52.79,7.46,0.0
1011,27.09,13.11,51.9,7.26,0.65
1012,25.55,11.29,54.07,8.52,0.57
1013,26.35,11.92,53.85,7.79,0.1
1014,29.21,13.12,51.98,5.69,0.0
1015,24.55,14.48,52.74,7.53,0.7
1016,27.58,12.35,52.99,6.76,0.31
1017,26.85,12.07,53.8,7.17,0.11
1018,25.81,11.28,52.13,9.77,1.0
1019,26.33,13.21,52.29,7.61,0.55
1020,25.25,14.55,51.39,7.72,1.09
1021,28.13,11.73,53.56,6.2,0.37
1022,25.2,13.83,52.55,7.87,0.55
1023,25.97,11.31,54.52,8.05,0.15
1024,25.85,13.29,52.13,8.16,0.58
1025,26.15,14.81,52.18,6.67,0.19
1026,28.66,13.13,51.17,6.99,0.05
1027,25.91,13.32,53.74,6.66,0.37
1028,27.23,11.84,53.59,6.83,0.51
1029,27.94,12.24,50.12,9.7,0.0
1030,27.19,11.91,53.16,7.54,0.2
1031,25.85,12.66,51.81,8.72,0.96
1032,26.0,12.92,53.43,7.58,0.08
1033,27.29,11.61,54.27,6.46,0.38
1034,26.07,13.04,53.49,6.98,0.42
1035,26.31,12.39,53.34,7.24,0.72
1036,25.44,13.49,51.01,9.35,0.71
1037,26.58,13.36,52.96,6.78,0.33
1038,27.92,11.64,53.53,6.71,0.2
1039,27.8,13.17,50.73,7.32,0.98
1040,26.8,13.4,52.94,6.86,0.0
1041,25.52,9.9,56.25,8.33,0.0
1042,25.16,13.39,53.18,8.12,0.15
1043,24.68,14.66,53.06,6.86,0.74
1044,24.82,14.37,51.23,8.72,0.86
1045,25.82,13.29,51.77,8.48,0.63
1046,28.04,12.55,51.29,7.01,1.11
1047,28.16,12.55,52.42,6.04,0.84
1048,27.1,13.72,50.96,8.23,0.0
1049,25.58,13.83,51.65,7.96,0.98
1050,26.51,12.87,53.12,7.28,0.22
1051,26.02,13.01,52.6,8.3,0.07
1052,26.13,12.59,53.2,7.45,0.63
1053,26.82,15.26,51.37,6.26,0.28
1054,26.05,12.1,54.03,7.58,0.24
1055,27.4,11.86,51.69,8.19,0.85
1056,25.44,12.24,54.31,7.75,0.26
1057,25.97,12.56,54.58,6.61,0.28
1058,26.28,13.25,51.11,8.46,0.89
1059,27.32,12.45,52.83,6.53,0.87
1060,26.18,12.35,53.22,8.16,0.08
1061,26.35,12.87,52.8,7.1,0.89
1062,26.08,13.71,53.49,6.45,0.27
1063,25.88,13.02,51.15,9.49,0.46
1064,25.58,14.97,50.2,8.16,1.09
1065,25.8,11.79,54.01,8.41,0.0
1066,25.62,11.88,54.58,7.92,0.0
1067,26.26,14.19,51.84,6.82,0.89
1068,25.62,10.0,56.88,7.5,0.0
1069,28.59,9.88,53.13,8.4,0.0
1070,28.36,9.95,55.47,5.72,0.5
1071,29.45,13.19,49.23,8.13,0.0
1072,25.33,13.46,53.59,7.3,0.32
1073,25.59,13.02,52.61,7.97,0.8
1074,26.6,12.53,53.61,7.15,0.12
1075,26.54,12.29,52.51,8.38,0.28
1076,26.01,10.02,55.85,8.11,0.0
1077,25.88,13.12,52.61,7.53,0.85
1078,26.74,12.58,51.69,8.54,0.45
1079,27.83,12.61,50.43,8.26,0.87
1080,25.51,11.87,56.31,6.31,0.0
1081,25.71,13.8,51.7,8.22,0.57
1082,27.0,12.94,52.58,6.77,0.71
1083,26.21,13.33,52.8,6.82,0.84
1084,24.37,12.98,53.64,8.08,0.93
1085,24.28,11.39,54.82,9.51,0.0
1086,29.19,9.14,54.57,7.11,0.0
1087,25.68,12.57,53.52,7.69,0.54
1088,26.15,8.48,55.12,10.25,0.0
1089,26.67,11.93,53.19,7.48,0.74
1090,26.45,13.01,50.82,8.85,0.87
1091,25.53,13.56,52.11,8.19,0.62
1092,25.52,13.61,51.15,8.75,0.97
1093,27.34,12.38,52.71,6.71,0.86
1094,26.24,12.27,53.81,7.56,0.12
1095,26.22,12.97,52.67,7.34,0.8
1096,25.83,12.07,54.47,7.57,0.07
1097,31.15,8.52,52.46,7.87,0.0
1098,26.2,12.51,53.59,7.58,0.11
1099,27.39,13.15,53.06,5.95,0.45
1100,25.53,12.74,53.83,7.78,0.12
1101,26.59,14.13,51.81,6.79,0.68
1102,25.13,15.0,50.77,8.46,0.64
1103,26.6,10.11,52.13,11.17,0.0
1104,25.11,12.86,54.11,7.92,0.0
1105,25.6,12.18,52.89,8.79,0.54
1106,26.67,13.03,52.48,7.07,0.74
1107,29.23,8.21,53.85,8.72,0.0
1108,26.13,13.4,50.79,8.78,0.9
1109,25.86,12.26,54.11,7.47,0.3
1110,26.61,12.51,52.93,7.85,0.11
1111,26.46,12.4,54.32,6.76,0.06
1112,25.75,11.88,53.7,8.09,0.58
1113,27.16,12.61,52.38,7.57,0.29
1114,25.02,12.18,54.02,8.62,0.17
1115,26.16,13.43,52.22,7.31,0.89
1116,26.0,12.05,53.67,8.05,0.24
1117,25.55,11.05,54.27,8.55,0.58
1118,28.29,11.48,52.08,7.82,0.33
1119,25.84,12.92,53.67,7.13,0.45
1120,26.87,13.3,52.16,7.58,0.09
1121,25.96,13.12,52.97,7.47,0.48
1122,25.92,11.54,53.3,8.79,0.46
1123,25.9,13.12,51.88,8.31,0.79
1124,26.5,11.86,53.45,7.87,0.32
1125,25.95,13.62,51.78,7.46,1.19
1126,25.84,12.14,53.97,8.05,0.0
1127,25.87,12.13,53.34,7.67,0.99
1128,26.48,12.11,52.39,8.45,0.56
1129,25.32,12.72,53.21,7.58,1.17
1130,22.37,15.11,52.01,10.52,0.0
1131,25.98,12.23,53.89,7.67,0.23
1132,26.4,12.66,53.57,6.52,0.85
1133,25.48,12.3,53.25,8.65,0.32
1134,26.92,10.49,55.94,6.64,0.0
1135,24.44,12.22,52.53,9.99,0.82
1136,25.18,12.72,54.03,7.97,0.09
1137,25.89,11.54,54.29,8.06,0.23
1138,26.57,13.23,50.72,8.6,0.88
1139,26.67,14.17,51.85,6.76,0.56
1140,26.4,9.39,55.33,8.88,0.0
1141,25.11,14.03,54.0,6.87,0.0
1142,28.04,9.35,53.27,9.35,0.0
1143,27.02,13.21,52.66,6.61,0.49
1144,25.84,14.38,51.69,7.87,0.22
1145,26.03,13.17,52.13,7.98,0.7
1146,25.7,13.51,52.06,8.16,0.56
1147,27.27,9.09,52.27,11.36,0.0
1148,26.54,13.11,51.1,8.37,0.88
1149,26.61,12.89,51.04,8.63,0.83
1150,25.75,13.08,53.37,7.4,0.4
1151,25.23,12.66,54.11,7.53,0.47
1152,28.57,9.52,54.76,7.14,0.0
1153,25.46,12.27,53.64,8.38,0.25
1154,27.02,13.16,52.69,6.96,0.18
1155,25.19,13.13,53.01,7.76,0.9
1156,26.44,13.52,51.99,7.24,0.81
1157,26.29,12.95,52.57,7.74,0.45
1158,27.63,11.89,53.25,6.77,0.46
1159,25.96,13.62,52.83,6.86,0.73
1160,25.56,18.8,49.62,6.02,0.0
1161,24.32,11.28,54.21,9.38,0.82
1162,26.18,12.29,53.71,7.71,0.12
1163,31.95,8.31,51.44,8.31,0.0
1164,26.2,12.05,53.92,7.84,0.0
1165,25.86,13.5,52.46,7.38,0.8
1166,27.02,13.18,51.51,7.53,0.75
1167,27.24,12.04,52.6,7.34,0.77
1168,26.25,12.69,51.84,8.35,0.87
1169,26.02,12.92,52.61,7.75,0.69
1170,26.32,13.35,52.14,7.31,0.88
1171,25.29,14.71,52.65,7.35,0.0
1172,26.33,13.24,52.37,7.91,0.14
1173,25.82,12.26,53.34,8.34,0.25
1174,26.51,13.09,52.81,7.31,0.27
1175,26.2,13.5,52.46,7.71,0.13
1176,28.9,10.98,51.45,6.94,1.73
1177,26.13,12.55,53.02,8.24,0.06
1178,29.28,8.93,54.84,6.95,0.0
1179,25.1,9.72,56.28,8.5,0.4
1180,24.55,11.91,54.27,8.75,0.53
1181,26.58,12.61,51.58,8.56,0.68
1182,27.16,13.11,51.69,7.98,0.05
1183,26.59,12.4,53.89,7.01,0.11
1184,27.93,13.8,51.04,7.22,0.0
1185,26.4,9.25,53.95,10.21,0.19
1186,25.96,12.63,53.75,7.5,0.15
1187,27.07,11.57,50.44,10.92,0.0
1188,25.64,14.05,51.77,7.96,0.59
1189,26.03,13.35,52.14,7.72,0.76
1190,26.42,9.66,55.68,8.24,0.0
1191,25.91,13.64,52.83,7.08,0.53
1192,25.49,13.79,51.33,8.46,0.93
1193,25.4,13.69,52.79,7.81,0.31
1194,25.99,13.88,51.99,7.51,0.63
1195,26.4,14.34,52.45,5.97,0.84
1196,25.59,13.99,52.38,7.31,0.73
1197,26.15,12.94,52.84,7.81,0.27
1198,26.05,14.5,51.03,7.61,0.81
1199,26.98,13.55,52.01,6.66,0.8
1200,25.24,12.5,54.88,7.02,0.36
1201,25.44,14.29,52.44,7.83,0.0
1202,26.21,12.2,53.28,8.19,0.11
1203,25.58,12.88,50.77,9.62,1.15
1204,26.96,11.86,54.01,6.74,0.43
1205,26.88,13.55,51.74,7.28,0.56
1206,27.88,12.58,52.6,6.41,0.53
1207,26.08,12.27,53.56,8.09,0.0
1208,26.92,12.59,53.12,6.35,1.02
1209,26.12,13.9,52.05,7.18,0.75
1210,26.32,12.85,53.59,6.85,0.39
1211,25.72,13.03,54.15,6.77,0.34
1212,26.77,12.09,54.05,6.59,0.5
1213,27.32,11.98,53.64,6.13,0.93
1214,30.43,11.3,51.3,5.22,1.74
1215,24.81,9.3,56.2,9.69,0.0
1216,25.29,9.34,56.03,9.34,0.0
1217,27.27,12.07,53.41,7.24,0.0
1218,27.91,11.8,54.49,5.75,0.06
1219,26.22,11.84,54.01,7.83,0.1
1220,25.79,12.23,53.03,8.23,0.73
1221,26.75,13.07,51.87,8.0,0.3
1222,25.49,12.51,52.75,8.78,0.47
1223,24.73,10.95,54.59,9.19,0.54
1224,28.26,11.76,52.22,7.6,0.14
1225,26.7,13.74,51.45,7.4,0.7
1226,24.48,9.96,55.6,9.96,0.0
1227,26.54,12.63,53.64,6.45,0.74
1228,27.42,13.46,52.05,6.81,0.25
1229,26.16,12.45,51.79,8.65,0.95
1230,26.12,15.92,48.16,9.8,0.0
1231,24.92,11.28,53.71,9.88,0.21
1232,25.75,14.04,52.15,7.41,0.65
1233,25.93,12.47,53.64,7.91,0.05
1234,24.89,10.13,56.12,8.86,0.0
1235,25.98,12.46,53.25,7.55,0.76
1236,26.6,13.34,51.5,7.87,0.68
1237,26.28,12.83,54.68,5.87,0.34
1238,25.0,10.48,55.08,9.23,0.21
1239,24.71,10.59,54.51,9.54,0.65
1240,25.03,11.26,53.33,10.16,0.22
1241,25.86,13.92,51.63,7.8,0.79
1242,25.18,11.83,54.12,8.47,0.4
1243,26.0,11.63,54.21,7.84,0.33
1244,24.56,12.28,52.98,9.47,0.7
1245,26.12,12.24,53.8,7.76,0.08
1246,26.51,12.78,52.79,7.81,0.11
1247,27.23,13.06,52.71,6.29,0.72
1248,24.56,13.24,54.7,6.97,0.52
1249,26.24,12.75,52.99,7.17,0.85
1250,26.27,11.98,53.78,7.85,0.12
1251,26.01,9.16,54.58,10.26,0.0
1252,26.55,13.13,51.7,7.89,0.74
1253,25.39,11.55,53.59,9.16,0.31
1254,25.5,11.89,54.44,8.17,0.0
1255,27.72,12.11,53.42,6.32,0.44
1256,25.0,11.15,53.25,10.39,0.22
1257,26.13,11.8,53.21,8.71,0.16
1258,23.6,10.67,53.37,11.8,0.56
1259,24.94,11.32,53.81,9.7,0.23
1260,28.08,13.3,51.23,6.9,0.49
1261,25.66,12.29,52.69,9.09,0.29
1262,30.3,9.47,52.27,7.95,0.0
1263,26.38,12.69,52.65,8.28,0.0
1264,25.95,11.37,53.66,8.42,0.59
1265,24.97,14.09,53.96,6.98,0.0
1266,25.51,11.86,53.9,8.47,0.25
1267,26.24,12.89,52.72,7.3,0.85
1268,25.53,12.71,53.09,7.54,1.12
1269,27.34,13.56,51.99,6.89,0.22
1270,25.25,12.31,54.5,7.38,0.56
1271,26.43,12.37,53.15,7.88,0.17
1272,26.96,12.21,53.09,7.51,0.22
1273,26.47,14.8,50.98,6.82,0.92
1274,24.36,11.86,54.64,9.02,0.13
1275,24.59,11.42,54.56,9.11,0.33
1276,26.28,12.03,53.52,7.95,0.23
1277,25.54,10.39,55.41,8.66,0.0
1278,25.09,13.65,52.52,8.0,0.74
1279,24.8,13.49,53.81,7.49,0.41
1280,26.55,10.98,53.83,8.15,0.48
1281,26.7,12.32,52.61,7.95,0.42
1282,25.34,12.07,53.28,8.28,1.03
1283,26.74,13.48,51.82,6.96,0.99
1284,26.42,13.63,52.19,7.19,0.56
1285,30.61,8.16,51.02,10.2,0.0
1286,25.93,12.91,52.49,7.94,0.74
1287,26.63,11.76,53.97,7.44,0.2
1288,25.61,13.33,50.35,9.65,1.05
1289,25.58,13.12,53.89,6.82,0.59
1290,25.83,12.21,54.12,7.73,0.11
1291,26.25,11.58,53.7,8.37,0.11
1292,25.32,12.51,53.66,8.15,0.35
1293,25.35,10.31,54.6,9.75,0.0
1294,26.12,12.25,53.62,7.88,0.12
1295,26.62,13.09,50.94,8.47,0.88
1296,26.65,13.58,52.34,7.3,0.13
1297,25.09,13.47,52.78,7.79,0.87
1298,26.34,11.92,53.62,7.94,0.18
1299,25.78,12.58,53.95,7.59,0.1
1300,25.66,13.36,53.34,7.12,0.53
1301,26.86,14.04,52.19,6.92,0.0
1302,26.48,13.08,50.77,8.79,0.88
1303,25.72,12.48,53.37,8.38,0.06
1304,26.42,14.02,50.98,7.76,0.81
1305,26.64,12.1,51.88,9.01,0.38
1306,26.16,11.67,53.78,8.33,0.06
1307,27.61,13.0,52.3,6.92,0.17
1308,26.48,12.84,52.8,7.41,0.47
1309,26.21,12.72,51.86,8.33,0.88
1310,25.17,11.9,54.08,8.84,0.0
1311,30.43,11.3,51.3,5.22,1.74
1312,26.74,12.51,51.56,8.38,0.81
1313,31.11,9.63,54.07,5.19,0.0
1314,26.62,11.91,54.12,7.35,0.0
1315,27.54,9.18,56.04,7.25,0.0
1316,26.69,12.5,51.69,8.26,0.85
1317,26.08,11.89,54.56,7.37,0.09
1318,26.5,12.25,54.32,6.75,0.17
1319,25.68,13.26,52.61,7.52,0.94
1320,26.28,12.04,53.57,7.99,0.11
1321,26.17,13.29,51.59,8.28,0.67
1322,25.33,12.5,53.94,7.89,0.33
1323,26.18,12.43,51.96,8.64,0.79
1324,27.68,13.26,51.94,6.4,0.72
1325,26.97,12.08,53.65,7.3,0.0
1326,26.14,13.78,51.24,8.06,0.78
1327,26.79,11.1,53.49,8.13,0.48
1328,24.82,11.23,54.58,9.17,0.21
1329,25.15,14.97,50.9,8.08,0.9
1330,25.83,12.28,51.66,9.21,1.02
1331,26.43,13.69,52.17,7.45,0.26
1332,25.26,13.72,51.67,8.59,0.77
1333,26.58,13.37,53.05,6.74,0.27
1334,26.17,12.3,52.03,8.55,0.94
1335,26.21,13.33,51.53,8.02,0.9
1336,27.14,13.75,51.77,6.51,0.84
1337,26.59,12.83,51.13,8.62,0.82
1338,25.8,11.78,54.28,7.82,0.32
1339,24.79,13.71,53.56,7.43,0.51
1340,28.53,11.91,49.86,8.86,0.83
1341,25.53,11.61,54.22,8.16,0.48
1342,26.64,12.58,53.19,7.22,0.37
1343,26.46,12.5,52.26,7.71,1.06
1344,28.97,12.88,51.46,6.26,0.44
1345,27.59,11.86,52.92,6.97,0.66
1346,25.92,12.28,52.91,8.69,0.2
1347,27.2,11.92,53.68,6.48,0.72
1348,25.54,13.15,53.5,7.7,0.11
1349,25.4,15.08,53.09,6.35,0.09
1350,26.42,12.75,53.51,6.87,0.45
1351,25.14,13.0,53.29,7.78,0.79
1352,26.3,12.07,53.9,7.51,0.22
1353,27.93,13.56,51.8,6.52,0.2
1354,26.66,11.84,53.61,7.3,0.6
1355,25.87,12.15,52.68,8.36,0.95
1356,26.31,11.71,53.95,7.36,0.66
1357,26.43,12.01,53.25,7.99,0.32
1358,26.14,12.8,52.06,8.13,0.87
1359,25.82,10.48,53.6,9.73,0.37
1360,25.6,13.96,52.36,7.24,0.84
1361,25.94,14.04,51.45,7.72,0.86
1362,27.6,13.8,52.46,6.05,0.09
1363,25.84,13.24,52.42,7.88,0.63
1364,25.51,13.39,52.06,8.01,1.03
1365,25.03,14.18,53.9,6.9,0.0
1366,25.37,12.28,53.17,8.23,0.94
1367,25.65,13.31,52.38,7.79,0.87
1368,26.57,12.33,54.65,6.07,0.38
1369,27.51,12.52,52.61,7.3,0.06
1370,31.18,8.6,51.97,8.24,0.0
1371,26.41,12.77,52.89,7.72,0.22
1372,27.7,12.94,52.09,6.95,0.32
1373,27.14,13.15,53.02,5.86,0.84
1374,26.0,13.62,50.76,8.8,0.83
1375,26.34,9.16,54.96,9.54,0.0
1376,26.05,12.41,53.93,7.34,0.26
1377,25.48,12.28,53.23,8.37,0.64
1378,29.14,8.89,54.57,7.41,0.0
1379,26.04,12.56,51.04,9.33,1.04
1380,25.7,13.89,51.85,7.79,0.78
1381,25.92,14.26,51.65,7.38,0.8
1382,26.22,13.22,51.0,8.67,0.89
1383,25.15,12.54,53.71,8.53,0.07
1384,27.31,11.39,50.49,10.81,0.0
1385,26.6,12.26,54.72,6.04,0.38
1386,26.14,12.8,53.58,7.32,0.16
1387,26.1,12.77,52.74,7.92,0.47
1388,25.59,13.33,52.36,7.78,0.94
1389,26.89,11.06,53.09,8.47,0.5
1390,25.59,11.13,54.14,8.47,0.67
1391,26.96,12.67,52.21,7.48,0.68
1392,25.24,12.3,55.21,7.26,0.0
1393,26.63,12.9,51.08,8.57,0.83
1394,25.11,14.6,51.65,7.75,0.89
1395,23.63,12.64,51.65,12.09,0.0
1396,25.56,13.13,51.41,8.99,0.91
1397,25.55,13.14,53.14,7.71,0.45
1398,26.49,12.89,51.34,8.45,0.82
1399,26.21,13.45,51.64,7.8,0.9
1400,25.96,12.33,53.52,7.43,0.77
1401,24.37,13.26,52.69,8.96,0.72
1402,26.22,12.86,53.17,7.52,0.22
1403,27.95,11.89,53.26,6.38,0.51
1404,28.08,12.4,51.79,6.85,0.89
1405,26.0,11.58,53.25,8.5,0.67
1406,29.63,11.48,51.11,6.67,1.11
1407,26.32,12.14,53.15,7.95,0.45
1408,26.49,13.21,51.98,7.63,0.69
1409,26.14,12.71,52.86,7.83,0.46
1410,25.82,12.56,54.16,7.11,0.35
1411,26.35,12.76,52.83,7.58,0.48
1412,25.92,11.31,53.62,9.15,0.0
1413,26.06,13.59,51.37,8.24,0.74
1414,26.13,13.64,51.35,8.11,0.77
1415,25.73,12.14,54.05,8.09,0.0
1416,26.45,12.0,53.29,7.94,0.32
1417,26.08,9.87,55.44,8.61,0.0
1418,26.7,11.89,53.41,8.0,0.0
1419,27.27,10.0,54.55,8.18,0.0
1420,26.33,12.7,52.01,8.12,0.84
1421,26.15,12.03,53.41,8.15,0.25
1422,26.52,11.3,50.87,10.0,1.3
1423,26.66,11.51,53.27,8.45,0.1
1424,24.73,13.82,51.64,9.09,0.73
1425,26.58,13.11,52.65,7.07,0.59
1426,27.04,12.16,54.26,5.99,0.54
1427,24.62,12.37,52.41,9.42,1.18
1428,25.9,12.84,52.01,8.38,0.87
1429,25.47,13.03,53.22,8.21,0.07
1430,26.22,13.22,50.89,8.78,0.89
1431,27.39,11.97,53.49,6.63,0.52
1432,26.51,13.03,50.93,8.65,0.88
1433,26.05,13.99,52.01,7.8,0.16
1434,26.54,14.11,51.4,7.4,0.56
1435,28.06,12.78,51.67,7.5,0.0
1436,26.04,14.09,51.65,7.36,0.85
1437,25.53,11.19,54.02,8.7,0.57
1438,25.6,11.43,54.03,8.62,0.32
1439,26.78,12.38,52.85,7.2,0.79
1440,25.35,9.86,57.75,7.04,0.0
1441,24.58,14.0,53.18,7.7,0.54
1442,26.19,11.35,53.75,8.28,0.43
1443,25.64,12.79,53.49,7.73,0.35
1444,25.9,12.47,53.48,7.91,0.24
1445,24.44,12.09,54.27,8.02,1.18
1446,26.72,12.36,51.72,8.33,0.86
1447,26.18,13.26,53.06,7.15,0.34
1448,27.19,11.95,53.54,6.73,0.59
1449,25.86,13.62,51.9,8.06,0.56
1450,25.28,14.34,53.58,6.79,0.0
1451,24.48,9.96,55.6,9.96,0.0
1452,26.2,10.08,55.16,8.56,0.0
1453,29.06,13.3,49.75,7.88,0.0
1454,26.01,13.49,52.36,7.09,1.05
1455,25.5,13.98,52.17,7.29,1.06
1456,26.18,12.58,53.38,7.59,0.28
1457,25.37,13.06,53.19,8.38,0.0
1458,25.67,15.13,51.35,6.84,1.01
1459,25.59,13.5,51.83,8.53,0.56
1460,26.12,13.42,53.39,6.64,0.43
1461,27.45,12.16,50.98,9.02,0.39
1462,26.06,13.66,52.06,7.74,0.48
1463,24.8,12.5,53.25,8.43,1.02
1464,26.82,12.13,53.16,7.79,0.1
1465,25.63,10.39,55.2,8.78,0.0
1466,26.03,12.34,52.89,7.9,0.84
1467,26.59,11.22,53.85,8.09,0.24
1468,28.46,12.07,53.43,5.74,0.3
1469,26.07,14.04,51.19,8.02,0.67
1470,26.04,9.43,55.47,9.06,0.0
1471,26.52,11.72,53.26,8.34,0.16
1472,25.61,12.28,52.63,8.77,0.7
1473,25.81,12.61,52.4,9.01,0.17
1474,25.69,12.18,54.42,7.41,0.3
1475,26.48,12.11,52.39,8.45,0.56
1476,25.81,13.18,54.08,6.7,0.22
1477,26.79,11.83,51.45,9.26,0.67
1478,26.53,11.75,53.11,8.39,0.22
1479,26.55,13.12,51.03,8.47,0.83
1480,26.23,13.28,51.71,7.92,0.86
1481,25.22,12.09,54.21,8.37,0.1
1482,26.27,14.31,50.89,7.84,0.69
1483,26.07,13.2,52.26,7.7,0.77
1484,26.63,12.53,53.83,6.27,0.74
1485,26.46,12.54,53.26,7.57,0.17
1486,26.29,13.41,53.18,6.84,0.27
1487,25.1,12.74,54.0,8.0,0.16
1488,29.5,9.58,52.11,8.81,0.0
1489,24.96,13.26,53.31,7.67,0.81
1490,26.89,12.13,51.48,8.52,0.98
1491,25.7,14.18,52.09,7.33,0.7
1492,26.22,12.68,53.04,7.9,0.16
1493,26.41,12.99,52.99,7.45,0.16
1494,25.8,11.69,54.0,7.82,0.69
1495,26.37,12.03,53.44,7.85,0.32
1496,26.22,12.27,53.95,7.44,0.12
1497,26.72,13.28,52.93,6.84,0.23
1498,27.09,11.73,54.75,6.15,0.28
1499,26.72,13.39,51.98,7.67,0.24
1500,25.56,12.13,53.0,8.6,0.71
1501,24.61,10.79,54.21,9.74,0.66
1502,27.39,12.86,51.04,8.3,0.41
1503,29.87,7.79,52.6,9.74,0.0
1504,26.46,11.72,53.35,8.34,0.13
1505,26.39,13.82,50.74,8.04,1.02
1506,29.02,11.49,51.15,8.33,0.0
1507,25.98,11.12,53.69,8.72,0.48
1508,25.58,12.82,52.95,7.87,0.79
1509,25.81,11.41,52.11,9.68,0.99
1510,26.82,12.55,54.12,5.75,0.77
1511,26.29,11.68,53.72,8.17,0.14
1512,26.62,12.54,52.46,7.82,0.56
1513,26.14,12.72,52.75,7.61,0.78
1514,27.14,12.49,52.3,7.42,0.66
1515,26.38,13.01,53.0,7.19,0.42
1516,25.58,13.94,52.07,7.49,0.92
1517,25.26,11.49,54.04,8.74,0.47
1518,27.27,12.89,52.69,6.35,0.79
1519,26.05,12.57,54.04,7.28,0.06
1520,25.32,13.18,53.75,7.75,0.0
1521,25.17,10.92,54.73,8.66,0.53
1522,26.07,12.98,51.85,8.71,0.4
1523,26.05,11.74,53.49,8.47,0.25
1524,25.77,13.61,52.37,7.01,1.24
1525,24.89,13.42,53.54,7.65,0.5
1526,26.0,12.12,54.33,7.46,0.09
1527,26.29,12.75,51.97,7.86,1.14
1528,24.76,11.22,54.58,8.89,0.55
1529,27.51,13.13,51.46,7.72,0.18
1530,26.23,11.04,54.72,7.94,0.08
1531,26.11,13.61,52.02,7.26,1.01
1532,25.89,11.94,53.8,8.06,0.31
1533,26.73,13.71,51.85,6.61,1.1
1534,26.06,12.8,54.63,6.29,0.23
1535,26.86,12.87,53.01,7.05,0.2
1536,26.7,11.65,51.21,9.47,0.97
1537,27.04,12.42,53.34,7.05,0.15
1538,27.32,11.51,53.07,7.9,0.2
1539,26.83,13.37,51.94,7.14,0.72
1540,25.34,14.17,53.68,6.81,0.0
1541,31.67,8.67,51.0,8.67,0.0
1542,26.72,12.6,52.93,7.25,0.5
1543,26.33,14.95,50.53,7.83,0.36
1544,25.92,11.96,53.53,7.87,0.72
1545,25.07,11.43,53.72,9.09,0.69
1546,25.18,13.97,52.49,7.47,0.89
1547,25.29,11.82,54.27,8.37,0.25
1548,25.31,12.71,53.23,8.03,0.72
1549,25.98,13.15,52.97,7.59,0.31
1550,27.04,12.41,53.05,7.21,0.3
1551,26.77,13.0,52.32,7.14,0.77
1552,30.58,9.22,51.46,8.25,0.49
1553,26.32,13.42,51.68,8.58,0.0
1554,26.34,12.8,53.18,7.51,0.17
1555,25.0,9.38,56.25,9.38,0.0
1556,26.75,11.9,53.4,7.62,0.33
1557,26.18,12.95,53.22,6.96,0.69
1558,26.65,11.81,54.43,6.68,0.43
1559,26.71,11.59,53.95,7.52,0.23
1560,24.84,14.3,52.15,7.74,0.97
1561,27.88,9.29,54.28,8.55,0.0
1562,27.03,11.92,52.03,8.72,0.29
1563,25.89,11.93,51.27,9.9,1.02
1564,26.21,11.14,55.68,6.64,0.34
1565,25.59,12.83,53.08,8.44,0.07
1566,24.66,10.78,54.58,9.3,0.67
1567,25.66,12.73,53.43,7.62,0.56
1568,25.98,9.45,55.12,9.45,0.0
1569,25.99,12.54,53.68,7.72,0.07
1570,25.51,12.76,54.25,7.14,0.34
1571,27.76,13.67,51.66,6.91,0.0
1572,25.47,12.67,53.22,7.57,1.07
1573,26.09,12.2,53.74,7.85,0.12
1574,26.4,13.75,51.3,7.63,0.92
1575,24.87,13.85,50.64,9.36,1.28
1576,25.93,11.84,53.89,8.34,0.0
1577,26.25,12.05,54.53,7.16,0.0
1578,25.53,13.6,51.95,7.8,1.11
1579,25.71,13.72,52.03,7.72,0.81
1580,26.56,12.08,53.06,8.2,0.11
1581,26.78,12.97,51.83,7.64,0.77
1582,26.74,12.65,53.28,6.37,0.95
1583,26.67,12.76,52.99,6.87,0.71
1584,26.15,13.71,52.3,6.95,0.88
1585,25.47,11.26,54.02,8.58,0.67
1586,25.62,12.3,53.85,8.07,0.16
1587,26.16,12.96,52.24,7.95,0.69
1588,24.89,10.13,56.12,8.86,0.0
1589,26.54,13.39,53.32,6.4,0.35
1590,24.51,9.34,55.64,10.51,0.0
1591,27.94,11.49,52.22,8.36,0.0
1592,26.29,11.62,53.23,8.61,0.25
1593,24.29,14.09,53.19,7.9,0.53
1594,26.05,11.15,53.48,8.47,0.86
1595,25.33,15.76,52.83,6.09,0.0
1596,31.85,8.6,51.27,8.28,0.0
1597,26.79,12.05,54.0,6.49,0.67
1598,25.98,14.57,51.85,7.39,0.21
1599,26.21,13.31,52.52,7.26,0.71
1600,26.05,12.94,52.96,7.98,0.06
1601,27.02,12.59,53.12,6.71,0.55
1602,25.55,12.49,54.61,7.0,0.35
1603,26.38,13.5,51.84,7.67,0.61
1604,32.05,8.12,50.43,9.4,0.0
1605,25.76,13.7,53.39,6.85,0.3
1606,28.68,9.69,51.94,9.69,0.0
1607,26.1,11.93,53.96,7.83,0.19
1608,28.16,16.61,49.1,6.14,0.0
1609,26.42,10.88,55.18,7.51,0.0
1610,25.36,13.16,50.96,9.57,0.96
1611,25.94,12.76,52.48,7.88,0.94
1612,27.01,12.21,52.96,7.61,0.21
1613,27.43,12.0,54.0,6.57,0.0
1614,26.85,13.47,52.71,6.71,0.26
1615,25.78,13.57,51.86,8.2,0.59
1616,26.37,11.34,55.04,7.14,0.11
1617,25.45,14.18,51.94,7.46,0.97
1618,26.42,10.88,53.89,8.81,0.0
1619,27.07,12.97,52.54,6.85,0.56
1620,26.1,13.64,51.3,8.18,0.78
1621,25.8,12.68,53.5,7.77,0.25
1622,27.09,11.86,53.54,6.95,0.56
1623,26.31,13.28,52.15,7.39,0.87
1624,26.8,10.64,53.22,9.06,0.28
1625,27.07,12.12,53.29,6.86,0.66
1626,25.12,14.24,51.54,8.04,1.06
1627,25.52,12.38,53.42,7.93,0.76
1628,25.97,13.42,53.7,6.71,0.19
1629,26.88,12.9,52.88,6.74,0.59
1630,25.93,12.8,51.97,8.42,0.88
1631,26.22,13.22,50.89,8.78,0.89
1632,25.77,13.76,51.38,8.17,0.92
1633,25.94,11.8,54.33,7.7,0.23
1634,26.13,13.07,51.88,8.22,0.7
1635,26.72,12.83,53.56,6.65,0.24
1636,25.58,12.28,53.61,8.47,0.05
1637,24.59,10.49,55.74,9.18,0.0
1638,28.04,13.65,51.11,6.77,0.42
1639,27.37,12.55,52.86,6.9,0.31
1640,24.48,15.38,52.45,6.29,1.4
1641,32.9,7.82,51.14,8.14,0.0
1642,26.19,12.62,51.64,8.7,0.85
1643,26.19,13.48,51.48,8.09,0.77
1644,26.17,13.73,51.3,8.03,0.78
1645,25.56,13.72,52.74,7.44,0.54
1646,24.85,12.84,52.2,9.04,1.07
1647,24.41,13.25,51.71,9.71,0.92
1648,25.8,14.18,51.98,7.28,0.76
1649,26.15,11.62,53.5,8.29,0.43
1650,25.75,11.38,53.56,8.74,0.57
1651,26.2,13.88,51.23,7.91,0.78
1652,26.49,11.52,54.03,7.87,0.1
1653,26.57,12.14,53.07,8.16,0.07
1654,25.53,12.7,52.25,8.73,0.79
1655,26.15,13.08,52.08,8.0,0.69
1656,29.07,11.05,51.74,6.98,1.16
1657,30.08,11.33,51.17,6.64,0.78
1658,26.09,12.06,53.14,8.51,0.2
1659,26.62,12.79,52.72,7.28,0.59
1660,25.82,13.91,51.3,8.05,0.92
1661,26.27,13.08,52.36,7.43,0.86
1662,26.07,13.27,52.13,8.06,0.47
1663,26.51,13.57,51.41,7.79,0.72
1664,24.6,13.89,53.24,7.74,0.53
1665,27.88,13.87,51.18,7.07,0.0
1666,25.44,13.49,51.01,9.35,0.71
1667,26.2,12.89,52.81,6.86,1.25
1668,25.44,16.67,51.75,6.14,0.0
1669,25.08,13.36,53.09,8.14,0.33
1670,32.69,7.69,51.92,7.69,0.0
1671,27.21,13.58,52.01,7.02,0.18
1672,30.13,9.62,53.56,6.69,0.0
1673,24.75,11.37,53.85,9.03,1.0
1674,26.09,12.6,53.13,7.74,0.45
1675,26.3,14.3,52.22,6.96,0.23
1676,25.36,13.32,53.69,7.31,0.32
1677,27.67,11.0,53.0,8.33,0.0
1678,27.24,12.6,51.63,7.32,1.22
1679,26.23,12.93,52.46,7.94,0.44
1680,25.44,12.23,52.23,9.13,0.97
1681,25.48,13.88,53.19,6.97,0.48
1682,25.71,13.12,51.95,8.44,0.78
1683,25.9,12.1,54.49,7.43,0.07
1684,26.99,12.02,53.65,7.24,0.11
1685,26.43,11.7,54.47,7.2,0.2
1686,27.37,13.33,51.43,7.16,0.72
1687,25.2,12.64,53.74,8.36,0.07
1688,26.73,13.87,51.45,7.08,0.87
1689,25.59,12.45,52.35,9.29,0.31
1690,28.74,11.74,51.42,6.88,1.21
1691,26.98,11.75,52.06,8.57,0.63
1692,27.86,9.29,55.11,7.74,0.0
1693,26.63,12.9,51.29,8.36,0.83
1694,26.91,12.89,52.63,6.87,0.7
1695,24.94,14.11,51.64,8.56,0.76
1696,25.63,12.33,52.66,8.89,0.48
1697,25.54,12.81,52.64,8.14,0.87
1698,25.34,14.93,52.94,6.79,0.0
1699,25.23,11.16,54.45,8.63,0.53
1700,27.77,15.61,50.38,5.81,0.43
1701,25.46,14.04,50.93,8.95,0.62
1702,26.1,12.26,53.33,7.8,0.5
1703,25.73,13.51,51.94,7.87,0.94
1704,26.15,13.39,51.4,8.29,0.77
1705,26.51,12.99,50.94,8.73,0.83
1706,26.27,12.86,51.68,8.32,0.86
1707,27.73,12.76,52.8,5.97,0.73
1708,25.43,11.36,54.75,8.29,0.17
1709,26.55,9.63,54.11,9.7,0.0
1710,27.45,12.06,53.2,6.57,0.72
1711,31.33,8.0,52.0,8.67,0.0
1712,26.73,12.76,53.46,7.05,0.0
1713,27.95,12.8,51.85,6.85,0.54
1714,25.35,12.96,52.54,8.31,0.85
1715,26.55,13.33,52.05,8.01,0.06
1716,25.74,13.46,51.96,8.25,0.59
1717,26.18,12.29,53.25,7.86,0.41
1718,26.21,12.73,54.18,6.88,0.0
1719,26.22,13.51,50.96,8.4,0.91
1720,26.29,12.01,53.37,8.24,0.09
1721,26.63,12.56,52.82,7.15,0.84
1722,26.37,13.66,51.16,7.98,0.84
1723,25.79,13.09,52.72,7.45,0.96
1724,25.05,13.64,53.03,7.71,0.57
1725,25.44,13.49,51.01,9.35,0.71
1726,27.23,12.95,50.89,8.48,0.45
1727,25.3,12.95,52.23,8.93,0.6
1728,25.56,13.23,52.03,8.37,0.81
1729,27.27,13.09,51.79,7.59,0.25
1730,26.2,13.55,52.41,7.23,0.6
1731,26.63,12.8,51.32,8.43,0.81
1732,25.37,11.64,53.98,8.92,0.09
1733,25.97,13.16,53.69,6.83,0.35
1734,24.71,12.84,50.58,10.89,0.97
1735,27.59,12.5,51.72,7.33,0.86
1736,24.36,11.67,54.87,8.97,0.13
1737,25.69,11.59,54.5,8.13,0.09
1738,26.05,12.56,52.74,7.91,0.74
1739,25.26,13.7,51.82,8.67,0.56
1740,25.9,13.3,54.03,6.65,0.12
1741,25.95,13.09,52.52,7.65,0.79
1742,25.2,12.95,53.95,7.5,0.39
1743,26.34,12.12,53.99,7.26,0.29
1744,25.6,14.01,52.24,7.35,0.8
1745,26.52,13.34,53.21,6.76,0.17
1746,26.52,12.31,53.38,7.62,0.17
1747,30.89,9.15,50.11,9.84,0.0
1748,27.97,11.74,53.72,6.21,0.37
1749,24.83,12.08,55.7,7.38,0.0
1750,26.85,12.42,52.58,7.58,0.56
1751,25.99,12.91,52.5,7.81,0.79
1752,25.4,13.41,52.75,7.97,0.47
1753,27.86,13.55,50.77,7.27,0.55
1754,25.03,14.11,53.94,6.92,0.0
1755,26.58,13.83,51.01,8.19,0.4
1756,25.66,12.19,53.57,8.42,0.15
1757,26.45,13.28,51.23,8.15,0.89
1758,24.74,14.14,54.26,6.86,0.0
1759,25.79,12.11,53.03,8.23,0.85
1760,26.3,13.21,51.05,8.55,0.89
1761,25.55,13.56,52.35,7.51,1.04
1762,23.62,13.78,51.97,9.45,1.18
1763,25.28,14.12,52.62,7.06,0.91
1764,26.19,12.15,54.46,7.2,0.0
1765,26.52,14.54,50.93,7.31,0.7
1766,25.87,11.19,55.24,7.23,0.47
1767,24.51,14.05,51.27,8.67,1.49
1768,27.05,12.05,53.41,7.05,0.45
1769,26.67,13.79,52.19,6.94,0.41
1770,24.67,14.8,52.3,8.22,0.0
1771,26.12,10.49,54.69,8.48,0.22
1772,27.16,12.11,54.33,5.88,0.52
1773,26.73,12.15,53.29,7.68,0.17
1774,26.55,12.15,53.66,7.16,0.48
1775,26.58,12.73,52.75,7.03,0.92
1776,26.86,13.14,51.39,7.74,0.88
1777,27.52,10.63,54.22,7.63,0.0
1778,26.71,13.13,52.96,6.9,0.3
1779,24.87,12.18,54.82,8.12,0.0
1780,26.06,13.22,51.35,8.86,0.51
1781,27.16,9.88,53.09,9.88,0.0
1782,25.79,12.1,53.79,8.26,0.06
1783,26.97,12.11,53.16,7.54,0.22
1784,24.83,14.35,51.71,7.97,1.14
1785,25.8,12.32,52.84,8.51,0.53
1786,29.8,9.8,52.65,7.76,0.0
1787,25.6,12.33,53.29,8.25,0.52
1788,25.54,12.49,53.46,7.6,0.91
1789,26.93,11.78,53.28,7.43,0.58
1790,26.46,12.53,53.8,6.93,0.29
1791,28.17,8.73,54.37,8.73,0.0
1792,27.57,12.48,52.97,6.65,0.33
1793,26.98,13.29,51.88,7.24,0.6
1794,26.41,11.56,53.97,7.93,0.13
1795,27.18,13.91,52.0,6.73,0.18
1796,26.88,12.78,53.15,6.39,0.79
1797,27.82,10.53,54.14,7.52,0.0
1798,26.6,13.66,52.15,7.47,0.11
1799,25.75,11.38,52.89,9.18,0.8
1800,25.55,13.39,53.93,6.88,0.25
1801,25.97,11.79,54.58,7.65,0.0
1802,25.87,12.93,51.96,8.37,0.87
1803,27.15,13.74,50.05,8.18,0.87
1804,26.06,13.03,53.3,6.99,0.63
1805,24.51,13.98,51.43,8.57,1.5
1806,27.08,12.34,52.72,7.21,0.64
1807,26.62,11.19,51.99,9.2,1.0
1808,26.36,12.58,54.9,6.17,0.0
1809,26.0,12.06,54.17,7.71,0.06
1810,25.27,10.75,53.76,9.68,0.54
1811,26.68,12.76,52.77,7.6,0.19
1812,26.1,13.95,51.68,7.36,0.9
1813,26.41,11.82,53.28,7.85,0.65
1814,26.29,11.69,54.18,7.04,0.8
1815,25.91,12.15,54.18,7.6,0.16
1816,26.65,12.58,53.54,6.53,0.71
1817,24.89,14.04,51.7,8.51,0.85
1818,25.82,12.41,52.53,8.48,0.76
1819,26.08,12.69,52.37,8.26,0.6
1820,26.96,13.37,52.26,6.76,0.65
1821,27.07,13.89,52.22,6.59,0.22
1822,27.85,11.71,52.91,7.04,0.49
1823,24.3,11.76,54.6,9.34,0.0
1824,25.53,12.2,53.2,8.93,0.13
1825,26.98,14.19,52.36,6.21,0.26
1826,25.32,14.94,53.57,6.17,0.0
1827,28.51,8.14,53.85,9.5,0.0
1828,26.29,11.45,53.7,8.44,0.13
1829,27.4,10.87,54.06,7.59,0.07
1830,25.88,12.49,53.47,8.16,0.0
1831,25.86,14.45,51.62,7.28,0.79
1832,26.44,12.3,53.56,7.53,0.17
1833,25.98,12.07,54.01,7.88,0.07
1834,25.59,13.21,51.73,8.72,0.75
1835,27.6,11.92,53.09,6.94,0.45
1836,27.27,12.01,53.95,6.26,0.51
1837,26.99,11.57,55.18,6.02,0.24
1838,25.7,11.3,54.42,8.27,0.32
1839,26.47,12.09,53.66,7.67,0.12
1840,25.59,13.18,53.46,7.22,0.54
1841,25.38,11.63,54.13,8.37,0.48
1842,25.8,14.18,51.59,7.5,0.92
1843,25.46,14.04,50.93,8.95,0.62
1844,26.25,13.86,51.02,7.95,0.91
1845,25.56,14.02,51.9,7.75,0.77
1846,25.93,12.62,54.67,6.54,0.23
1847,24.35,12.04,54.31,8.34,0.96
1848,27.01,11.33,53.49,8.17,0.0
1849,25.18,11.45,54.32,8.84,0.21
1850,25.79,12.26,53.08,8.67,0.21
1851,27.08,12.59,53.17,6.43,0.72
1852,25.53,14.5,50.56,8.43,0.99
1853,25.32,13.54,52.31,8.44,0.39
1854,25.97,11.52,52.88,9.19,0.44
1855,25.81,12.12,53.65,8.36,0.06
1856,25.6,13.11,52.45,7.94,0.89
1857,25.96,14.08,51.93,7.09,0.94
1858,25.65,13.26,52.61,7.5,0.98
1859,26.14,12.24,53.66,7.82,0.14
1860,26.11,10.62,54.42,7.52,1.33
1861,26.08,11.65,53.46,8.55,0.27
1862,26.2,11.86,53.41,8.38,0.15
1863,26.12,13.23,51.46,8.3,0.9
1864,25.26,13.48,53.8,6.94,0.52
1865,26.27,12.65,51.89,8.32,0.86
1866,26.85,11.6,53.65,7.63,0.27
1867,25.44,12.87,52.46,8.25,0.98
1868,25.56,13.28,52.13,8.19,0.84
1869,27.12,12.44,52.77,7.37,0.29
1870,27.41,12.71,52.48,6.13,1.26
1871,26.53,13.88,51.46,7.27,0.85
1872,25.6,11.59,55.31,7.25,0.24
1873,26.22,13.82,51.62,7.66,0.68
1874,26.16,13.14,52.83,7.42,0.44
1875,25.49,14.04,52.12,7.53,0.83
1876,26.33,13.06,51.69,8.05,0.87
1877,28.53,11.76,50.88,7.94,0.88
1878,29.28,8.93,54.84,6.95,0.0
1879,25.31,11.65,54.01,8.95,0.08
1880,25.18,12.77,51.43,9.67,0.95
1881,25.99,9.39,56.68,7.94,0.0
1882,26.06,12.99,52.87,7.1,0.98
1883,26.94,11.19,55.02,6.39,0.46
1884,29.19,9.14,54.57,7.11,0.0
1885,27.3,12.48,52.32,7.45,0.46
1886,28.31,14.29,50.92,6.42,0.06
1887,25.64,12.82,52.75,8.61,0.18
1888,25.98,14.02,51.63,7.39,0.98
1889,26.38,14.41,51.59,6.78,0.85
1890,26.11,13.0,52.32,7.68,0.89
1891,27.3,12.45,52.99,6.98,0.28
1892,25.16,12.86,52.64,8.57,0.77
1893,26.56,12.93,52.43,7.64,0.43
1894,27.55,13.78,50.0,7.65,1.02
1895,27.51,12.8,52.45,6.88,0.37
1896,27.88,9.29,52.42,10.41,0.0
1897,25.93,11.95,54.64,7.36,0.11
1898,25.02,11.61,54.15,9.08,0.14
1899,29.28,8.93,54.84,6.95,0.0
1900,26.73,12.98,52.75,7.18,0.36
1901,24.64,10.41,54.55,9.75,0.66
1902,26.26,12.46,54.88,6.4,0.0
1903,31.02,8.91,51.82,8.25,0.0
1904,26.92,10.44,55.22,7.42,0.0
1905,26.32,12.8,52.64,8.12,0.11
1906,25.86,13.27,53.96,6.69,0.22
1907,25.97,12.84,52.81,7.29,1.08
1908,26.42,13.36,52.13,7.59,0.51
1909,26.14,13.21,53.79,6.5,0.36
1910,26.25,13.57,51.47,7.94,0.77
1911,25.83,15.28,51.39,6.67,0.83
1912,24.83,14.15,51.51,8.58,0.93
1913,25.3,12.42,54.25,7.69,0.34
1914,27.91,12.29,52.39,6.68,0.72
1915,25.87,14.05,52.48,7.33,0.27
1916,26.88,12.45,53.17,7.01,0.49
1917,26.79,11.98,53.86,7.16,0.21
1918,26.45,13.39,51.57,7.77,0.83
1919,26.04,12.66,53.26,7.51,0.52
1920,26.03,11.94,53.5,8.08,0.45
1921,26.24,13.38,51.59,8.03,0.76
1922,25.98,13.3,52.18,7.81,0.74
1923,26.54,12.26,53.76,7.07,0.38
1924,27.18,11.99,53.65,6.6,0.58
1925,26.11,12.6,52.53,8.14,0.61
1926,26.43,12.32,52.98,7.93,0.34
1927,26.69,12.59,52.75,7.29,0.69
1928,26.99,11.89,53.58,7.44,0.11
1929,28.27,11.8,52.73,6.68,0.52
1930,27.12,12.68,53.14,6.78,0.27
1931,25.78,12.63,54.24,7.01,0.33
1932,28.03,12.98,52.87,5.55,0.56
1933,27.33,12.44,51.71,8.52,0.0
1934,25.22,14.19,51.86,7.53,1.2
1935,26.99,11.13,53.52,8.29,0.07
1936,25.8,12.22,53.11,8.79,0.07
1937,25.38,13.58,52.67,7.54,0.82
1938,26.56,12.66,53.3,6.68,0.8
1939,26.99,11.08,52.05,8.92,0.96
1940,26.48,13.39,51.29,8.83,0.0
1941,24.5,13.33,50.5,10.83,0.83
1942,26.83,12.17,51.63,8.55,0.81
1943,25.35,15.09,50.24,8.37,0.94
1944,29.4,11.37,52.57,6.28,0.38
1945,24.81,13.28,53.69,7.22,1.0
1946,25.15,14.57,51.1,9.18,0.0
1947,26.0,12.93,52.3,8.04,0.73
1948,29.62,11.5,51.22,6.62,1.05
1949,25.76,13.91,52.23,7.07,1.03
1950,26.41,13.13,52.67,7.33,0.46
1951,23.78,10.98,54.27,9.15,1.83
1952,25.35,13.17,53.78,7.28,0.42
1953,25.75,12.36,52.9,8.52,0.47
1954,26.33,13.79,52.66,6.9,0.31
1955,26.59,13.14,50.99,8.45,0.83
1956,27.22,14.02,51.0,7.63,0.14
1957,27.31,12.42,53.33,6.21,0.73
1958,28.06,12.06,52.96,6.42,0.49
1959,26.42,11.09,53.29,8.66,0.54
1960,25.77,13.46,53.08,6.54,1.15
1961,26.61,12.88,52.27,7.3,0.94
1962,26.68,12.17,53.29,7.71,0.15
1963,26.64,13.53,52.34,6.66,0.83
1964,26.27,11.53,50.67,10.46,1.07
1965,24.37,14.46,52.8,7.88,0.49
1966,27.25,13.63,51.47,7.55,0.1
1967,27.27,13.49,52.66,6.41,0.17
1968,26.64,13.32,51.71,7.44,0.88
1969,25.82,12.66,54.33,7.07,0.11
1970,24.92,11.12,53.62,10.12,0.22
1971,28.2,12.28,52.62,6.22,0.68
1972,24.77,11.36,53.41,10.23,0.23
1973,25.8,13.69,52.63,7.39,0.48
1974,25.62,10.95,54.48,8.38,0.57
1975,25.9,12.15,53.2,8.61,0.13
1976,26.03,12.7,53.12,7.72,0.42
1977,27.19,12.19,51.88,8.44,0.31
1978,25.4,14.72,51.62,7.27,0.99
1979,25.93,12.33,52.57,8.46,0.71
1980,26.48,12.34,51.16,9.0,1.03
1981,26.94,12.33,54.26,5.92,0.54
1982,27.47,12.72,52.74,6.27,0.8
1983,26.76,11.59,52.57,8.24,0.84
1984,26.64,11.98,53.17,7.85,0.35
1985,25.51,13.85,51.41,8.21,1.03
1986,26.23,13.38,52.08,7.62,0.69
1987,27.05,12.46,52.56,7.34,0.58
1988,26.2,13.88,51.23,7.91,0.78
1989,26.19,13.4,52.32,7.29,0.8
1990,25.84,12.42,53.87,7.68,0.19
1991,25.53,12.71,51.18,9.65,0.94
1992,26.85,12.69,52.51,7.53,0.42
1993,26.39,13.7,52.24,7.51,0.15
1994,25.39,12.98,53.74,7.72,0.16
1995,25.68,14.04,50.35,8.83,1.1
1996,26.59,12.88,53.39,6.44,0.7
1997,26.83,12.4,53.23,7.03,0.51
1998,24.94,11.01,53.82,10.0,0.22
1999,24.93,13.4,53.65,7.36,0.66
2000,26.13,13.14,52.04,8.1,0.58
2001,26.61,13.0,51.89,7.88,0.61
2002,25.95,12.51,53.66,7.66,0.22
2003,26.62,12.99,52.6,7.47,0.32
2004,25.42,10.42,56.25,7.92,0.0
2005,29.01,9.9,53.13,7.96,0.0
2006,26.08,13.09,53.25,6.99,0.59
2007,25.52,14.48,50.21,8.41,1.38
2008,25.3,12.74,54.73,6.88,0.34
2009,26.99,12.04,53.24,6.98,0.75
2010,26.43,12.29,53.38,7.29,0.61
2011,26.22,13.5,51.86,7.24,1.17
2012,26.45,14.51,48.98,10.06,0.0
2013,26.21,13.74,51.73,7.97,0.35
2014,26.06,13.09,50.71,9.2,0.94
2015,26.99,12.57,52.72,6.79,0.92
2016,26.13,13.64,51.22,8.24,0.77
2017,26.44,13.64,51.94,7.03,0.94
2018,25.91,12.28,54.05,7.7,0.06
2019,24.87,14.27,51.83,7.98,1.05
2020,24.87,8.92,55.06,10.63,0.51
2021,25.42,12.09,53.04,9.34,0.11
2022,29.07,11.05,51.74,6.98,1.16
2023,25.46,11.74,54.09,8.51,0.2
2024,27.15,12.03,51.55,8.59,0.69
2025,26.13,13.58,51.36,8.15,0.78
2026,26.79,12.68,51.43,8.28,0.82
2027,26.19,14.08,50.67,8.08,0.98
2028,25.69,11.71,52.64,9.19,0.76
2029,25.04,14.0,53.97,7.0,0.0
2030,26.6,12.94,50.93,8.7,0.83
2031,25.68,13.32,53.09,6.76,1.16
2032,25.77,14.22,52.03,7.28,0.7
2033,26.55,13.11,52.71,7.3,0.32
2034,26.72,12.65,52.41,7.46,0.76
2035,25.44,14.79,53.35,6.34,0.09
2036,25.7,14.61,50.47,9.02,0.21
2037,25.71,14.05,52.06,7.06,1.11
2038,25.64,12.51,54.34,7.23,0.28
2039,24.84,14.47,51.84,7.56,1.3
2040,27.57,12.09,52.87,6.61,0.87
2041,27.36,11.5,53.99,6.43,0.72
2042,26.81,15.0,50.0,7.36,0.83
2043,25.19,13.58,52.35,7.89,0.99
2044,26.23,12.15,53.9,7.64,0.08
2045,27.57,13.37,51.24,6.86,0.95
2046,27.05,9.61,53.02,9.61,0.71
2047,25.82,12.09,53.52,8.46,0.11
2048,24.97,13.5,52.49,8.02,1.02
2049,26.11,12.76,52.29,8.19,0.66
2050,26.3,12.57,51.97,8.2,0.96
2051,26.26,12.14,53.69,7.64,0.27
2052,25.71,11.86,53.89,8.06,0.47
2053,26.56,13.28,53.06,6.94,0.16
2054,28.07,13.53,50.93,7.31,0.16
2055,25.4,13.89,53.45,7.12,0.14
2056,25.63,11.68,54.55,8.07,0.08
2057,25.96,11.48,53.64,8.4,0.51
2058,25.72,13.51,51.91,8.29,0.56
2059,26.17,13.03,51.3,8.65,0.83
2060,24.53,12.74,53.54,9.2,0.0
2061,25.7,11.62,54.07,8.61,0.0
2062,24.3,11.58,54.83,9.29,0.0
2063,25.67,13.9,54.01,6.42,0.0
2064,29.23,11.97,51.06,6.69,1.06
2065,28.47,10.32,55.16,6.05,0.0
2066,25.1,11.07,54.52,8.64,0.67
2067,25.85,12.32,53.48,8.0,0.35
2068,24.5,11.05,54.33,9.32,0.8
2069,26.42,11.49,54.05,7.94,0.11
2070,26.57,12.58,51.52,8.52,0.81
2071,30.56,8.33,52.08,9.03,0.0
2072,26.8,14.06,51.77,7.22,0.15
2073,26.0,13.34,52.92,7.2,0.53
2074,26.18,13.7,51.03,8.12,0.97
2075,26.73,12.47,52.8,7.82,0.18
2076,27.05,12.73,52.98,7.03,0.21
2077,26.7,11.78,52.36,8.64,0.52
2078,26.2,13.43,52.02,7.51,0.85
2079,26.92,12.94,52.97,7.05,0.12
2080,24.54,10.55,54.62,9.76,0.53
2081,26.42,12.07,53.47,7.92,0.11
2082,26.44,13.72,50.89,7.55,1.39
2083,26.9,13.26,51.79,7.8,0.26
2084,25.53,12.52,52.58,8.32,1.05
2085,26.24,13.26,53.24,7.12,0.14
2086,28.14,10.78,53.49,7.58,0.0
2087,27.02,12.2,54.41,6.0,0.38
2088,24.54,12.88,55.21,7.36,0.0
2089,27.5,12.17,53.26,6.7,0.37
2090,25.33,13.97,52.51,7.21,0.98
2091,26.18,13.42,52.29,7.31,0.8
2092,26.21,14.02,52.54,6.41,0.82
2093,26.17,12.52,53.48,7.7,0.13
2094,24.4,12.42,54.25,8.5,0.44
2095,26.3,9.18,56.58,7.94,0.0
2096,26.25,12.16,52.95,8.39,0.25
2097,25.19,13.09,52.72,8.02,0.99
2098,26.16,13.24,51.16,8.61,0.84
2099,25.66,11.7,53.87,8.3,0.47
2100,26.54,13.06,50.78,8.78,0.84
2101,25.57,12.17,55.2,7.05,0.0
2102,25.54,13.75,51.43,8.21,1.07
2103,25.32,12.16,54.21,8.21,0.11
2104,27.36,11.48,53.58,7.08,0.49
2105,26.34,12.45,52.47,7.92,0.82
2106,25.15,12.21,53.58,8.99,0.07
2107,26.29,12.15,53.72,7.77,0.07
2108,27.43,12.85,52.47,6.67,0.58
2109,25.94,12.29,54.46,7.31,0.0
2110,25.47,13.21,53.27,7.99,0.06
2111,25.83,12.18,52.77,8.86,0.37
2112,26.21,13.39,50.73,8.77,0.9
2113,25.82,12.87,52.53,8.11,0.67
2114,25.54,11.56,54.84,7.53,0.54
2115,26.89,13.58,51.17,7.46,0.9
2116,25.06,12.47,53.76,8.65,0.06
2117,26.22,8.39,53.85,11.54,0.0
2118,25.43,12.87,53.15,7.39,1.15
2119,28.18,12.37,50.86,7.56,1.03
2120,25.89,13.32,53.58,7.11,0.11
2121,25.87,13.41,53.89,6.71,0.12
2122,27.53,10.13,52.53,9.18,0.63
2123,27.19,12.05,53.68,6.29,0.8
2124,26.36,13.95,52.71,6.98,0.0
2125,28.57,9.52,54.76,7.14,0.0
2126,26.43,12.13,52.97,7.55,0.92
2127,25.35,12.68,54.23,7.75,0.0
2128,25.03,13.66,53.4,7.32,0.59
2129,25.93,14.13,51.16,7.77,1.01
2130,26.27,11.83,55.27,6.63,0.0
2131,26.51,13.42,52.69,6.87,0.52
2132,27.13,13.19,53.0,6.17,0.51
2133,25.68,13.59,51.64,8.53,0.56
2134,25.39,14.07,52.32,7.55,0.69
2135,24.78,13.6,51.75,8.99,0.88
2136,25.71,13.65,53.39,7.17,0.08
2137,25.83,12.91,53.93,7.33,0.0
2138,25.44,15.11,52.9,6.55,0.0
2139,25.78,12.17,53.88,7.76,0.41
2140,28.32,12.87,51.49,6.78,0.54
2141,25.11,12.75,53.97,8.02,0.15
2142,26.64,13.67,51.36,7.62,0.7
2143,25.54,12.26,53.79,8.14,0.28
2144,27.22,12.56,52.89,6.72,0.61
2145,25.24,12.92,52.15,8.73,0.96
2146,26.25,13.23,53.62,6.41,0.49
2147,26.0,14.0,52.46,7.54,0.0
2148,27.1,13.41,52.35,6.76,0.38
2149,25.36,12.51,51.96,9.16,1.01
2150,26.1,12.19,52.51,8.56,0.64
2151,26.88,13.29,50.88,7.83,1.13
2152,26.15,13.36,50.62,8.98,0.9
2153,24.84,13.86,53.12,7.24,0.93
2154,25.47,13.89,52.09,7.75,0.8
2155,26.04,14.06,52.6,6.77,0.52
2156,25.9,12.44,54.37,6.95,0.34
2157,26.26,13.52,50.5,8.83,0.89
2158,25.74,12.31,53.61,8.21,0.13
2159,25.05,15.18,51.59,7.86,0.32
2160,24.89,14.33,52.0,7.78,1.0
2161,26.04,14.68,50.97,8.03,0.28
2162,32.92,8.07,50.93,8.07,0.0
2163,26.19,12.17,53.57,8.07,0.0
2164,25.71,12.77,52.16,8.46,0.9
2165,25.88,13.5,53.66,6.68,0.28
2166,26.07,11.61,53.05,8.76,0.51
2167,31.48,7.41,50.0,11.11,0.0
2168,26.61,10.48,54.03,8.87,0.0
2169,30.04,10.27,51.71,7.98,0.0
2170,25.07,13.9,52.13,8.72,0.18
2171,25.06,11.98,54.09,8.52,0.34
2172,25.76,13.45,51.8,8.43,0.57
2173,26.75,12.14,53.43,7.13,0.55
2174,26.16,13.48,50.74,8.72,0.91
2175,26.37,13.67,51.27,7.71,0.98
2176,24.98,13.19,53.66,7.68,0.48
2177,26.51,12.08,53.09,8.26,0.07
2178,26.56,12.86,53.12,7.25,0.21
2179,25.79,11.57,55.09,7.55,0.0
2180,25.83,12.91,53.68,7.47,0.11
2181,26.74,12.0,53.31,7.45,0.5
2182,24.73,11.4,54.4,8.79,0.69
2183,27.72,9.51,55.16,7.61,0.0
2184,27.35,9.94,52.21,9.39,1.1
2185,25.86,13.37,53.3,6.86,0.62
2186,25.94,11.76,53.32,8.98,0.0
2187,27.9,12.44,52.69,6.72,0.25
2188,25.83,13.53,53.75,6.77,0.12
2189,26.12,13.44,51.34,8.32,0.77
2190,26.22,13.78,52.61,7.21,0.18
2191,27.59,12.47,53.1,6.36,0.48
2192,26.05,13.1,52.55,7.77,0.52
2193,26.42,13.28,52.32,7.19,0.78
2194,28.04,11.07,50.18,10.7,0.0
2195,27.98,12.39,50.0,9.17,0.46
2196,25.23,13.93,52.4,7.87,0.56
2197,27.23,12.34,51.49,8.51,0.43
2198,26.02,13.95,51.92,7.48,0.63
2199,26.49,11.49,53.33,8.49,0.2
2200,27.37,11.92,52.86,7.73,0.12
2201,27.72,13.68,51.65,6.47,0.49
2202,30.0,10.0,53.33,6.67,0.0
2203,26.58,13.23,52.93,6.79,0.46
2204,25.53,11.38,54.31,8.46,0.32
2205,25.2,14.22,51.37,8.24,0.97
2206,24.86,12.94,54.0,8.1,0.09
2207,24.78,12.39,53.1,8.85,0.88
2208,26.34,12.43,53.74,7.33,0.16
2209,27.04,12.71,53.38,6.7,0.17
2210,26.99,12.11,52.77,7.58,0.55
2211,25.51,12.86,54.05,7.3,0.29
2212,28.35,12.11,52.04,7.15,0.35
2213,25.63,11.18,54.05,8.48,0.67
2214,26.16,13.02,52.32,7.4,1.1
2215,26.89,13.19,52.81,6.95,0.15
2216,27.79,13.47,51.29,7.45,0.0
2217,26.51,12.81,53.35,6.89,0.45
2218,26.63,12.76,51.33,8.47,0.82
2219,27.89,10.14,54.08,7.89,0.0
2220,26.9,11.68,52.45,8.7,0.27
2221,31.88,8.05,52.01,8.05,0.0
2222,25.6,9.52,57.74,6.55,0.6
2223,26.84,12.13,51.84,8.82,0.37
2224,32.69,7.69,51.92,7.69,0.0
2225,25.86,12.66,52.04,8.58,0.86
2226,26.93,13.57,52.56,6.73,0.22
2227,27.21,10.48,55.78,6.39,0.14
2228,26.68,12.0,53.03,7.91,0.38
2229,28.49,11.83,51.08,7.53,1.08
2230,26.45,13.02,53.1,6.92,0.51
2231,24.96,13.14,53.06,8.11,0.74
2232,26.44,13.16,50.66,8.85,0.88
2233,26.57,11.28,51.63,9.52,1.0
2234,25.48,13.58,52.04,7.93,0.96
2235,24.82,14.06,53.38,7.22,0.52
2236,29.19,9.19,52.97,8.65,0.0
2237,28.18,11.88,52.21,7.73,0.0
2238,27.7,12.54,52.96,6.18,0.61
2239,26.03,12.46,53.62,7.77,0.12
2240,26.69,12.13,53.44,7.45,0.29
2241,27.45,12.16,50.98,9.02,0.39
2242,26.21,13.43,51.53,8.06,0.77
2243,26.82,13.73,52.32,6.97,0.16
2244,26.04,12.39,53.67,7.46,0.44
2245,26.85,11.75,52.92,7.55,0.93
2246,26.34,11.96,53.64,7.95,0.11
2247,25.48,14.14,52.71,7.21,0.47
2248,29.84,10.47,51.31,7.85,0.52
2249,26.72,12.56,52.64,8.03,0.06
2250,26.64,13.13,50.9,8.37,0.95
2251,27.69,11.98,50.83,9.09,0.41
2252,25.75,12.45,54.29,7.35,0.15
2253,26.56,10.37,54.77,8.3,0.0
2254,32.69,7.69,51.92,7.69,0.0
2255,27.52,11.88,53.59,6.5,0.51
2256,26.38,11.31,51.51,9.8,1.01
2257,31.38,9.66,50.69,8.28,0.0
2258,27.38,11.41,55.13,6.08,0.0
2259,27.36,11.18,53.31,8.14,0.0
2260,26.25,13.26,51.96,7.56,0.96
2261,26.39,14.33,50.41,8.87,0.0
2262,26.7,13.44,53.74,6.12,0.0
2263,25.29,12.84,53.47,8.26,0.13
2264,25.87,13.75,51.83,7.73,0.81
2265,27.36,14.1,51.62,6.91,0.0
2266,25.55,12.24,53.81,8.12,0.28
2267,28.16,8.74,55.34,7.28,0.49
2268,25.54,11.98,54.69,7.79,0.0
2269,25.41,12.33,54.06,8.03,0.17
2270,27.89,11.97,53.8,6.04,0.31
2271,27.98,12.58,52.37,6.2,0.87
2272,26.01,11.95,53.86,8.06,0.11
2273,26.27,11.72,54.66,7.13,0.22
2274,25.06,13.19,52.55,8.09,1.11
2275,26.93,13.34,52.98,6.75,0.0
2276,26.18,12.77,51.82,8.37,0.86
2277,25.92,13.61,52.62,7.85,0.0
2278,26.58,13.5,52.68,7.05,0.18
2279,25.11,14.44,51.49,7.74,1.22
2280,25.48,12.59,53.85,7.93,0.15
2281,27.03,12.74,52.93,7.18,0.12
2282,25.7,12.45,52.21,9.24,0.4
2283,25.57,12.11,53.73,8.28,0.31
2284,25.83,12.35,54.01,7.81,0.0
2285,26.1,12.02,53.27,7.53,1.08
2286,26.7,11.95,52.1,8.78,0.47
2287,26.04,12.23,53.75,7.99,0.0
2288,26.5,11.65,53.55,8.18,0.11
2289,25.72,13.34,53.07,7.39,0.48
2290,26.95,13.26,52.71,6.98,0.11
2291,25.77,14.3,50.8,8.14,0.99
2292,27.38,12.55,51.71,7.98,0.38
2293,26.65,12.49,53.94,6.86,0.05
2294,25.49,13.73,53.43,6.86,0.49
2295,27.05,12.54,53.6,6.64,0.17
2296,25.05,12.74,53.93,8.07,0.21
2297,27.02,12.2,54.41,6.0,0.38
2298,27.7,12.68,50.7,7.98,0.94
2299,26.15,11.79,53.91,7.88,0.27
2300,26.75,11.58,54.16,7.5,0.0
2301,26.0,13.78,51.44,7.56,1.22
2302,25.95,10.56,54.65,8.73,0.11
2303,32.01,8.91,50.83,8.25,0.0
2304,25.75,13.71,50.84,8.81,0.89
2305,26.07,12.02,53.82,8.03,0.06
2306,26.94,12.18,52.64,8.03,0.21
2307,25.94,12.78,53.38,7.89,0.0
2308,25.91,11.54,53.83,8.49,0.22
2309,25.81,12.26,54.29,7.12,0.51
2310,25.6,13.54,52.68,7.24,0.94
2311,26.36,12.59,52.08,8.0,0.96
2312,25.4,14.29,53.74,6.58,0.0
2313,26.94,12.37,52.87,7.77,0.05
2314,26.75,11.85,51.98,8.51,0.91
2315,26.59,13.17,53.09,6.91,0.24
2316,26.44,13.63,52.06,7.12,0.75
2317,26.21,12.04,53.48,8.19,0.08
2318,26.47,12.17,53.62,7.57,0.17
2319,24.16,11.33,54.67,9.84,0.0
2320,25.78,10.68,53.59,9.94,0.0
2321,26.67,12.24,53.42,7.43,0.25
2322,25.43,12.4,53.22,8.63,0.31
2323,25.92,13.11,52.76,7.82,0.38
2324,25.55,15.04,51.42,7.57,0.42
2325,26.77,12.13,51.68,9.05,0.37
2326,24.89,11.94,53.54,9.18,0.46
2327,24.55,12.73,52.53,9.03,1.17
2328,26.11,14.35,52.79,6.59,0.17
2329,26.17,12.66,51.81,8.51,0.85
2330,24.91,12.81,53.32,8.85,0.12
2331,30.43,8.03,52.84,8.7,0.0
2332,29.39,14.7,50.48,5.43,0.0
2333,26.72,14.8,51.6,6.75,0.13
2334,26.36,12.99,52.43,7.47,0.75
2335,26.84,11.28,54.32,7.37,0.18
2336,26.27,12.77,52.25,7.98,0.73
2337,27.87,13.24,51.57,7.32,0.0
2338,25.48,11.44,53.54,8.99,0.54
2339,25.42,12.91,52.83,8.78,0.07
2340,28.04,11.52,52.61,7.83,0.0
2341,26.71,13.66,51.11,8.52,0.0
2342,28.6,11.64,53.0,6.25,0.51
2343,26.62,12.61,52.69,7.22,0.86
2344,25.05,12.89,53.61,8.38,0.07
2345,27.03,12.8,53.06,6.4,0.71
2346,24.9,11.02,54.69,8.71,0.68
2347,26.31,13.1,51.75,7.97,0.87
2348,25.24,14.19,52.91,7.41,0.26
2349,25.86,12.15,53.72,8.27,0.0
2350,27.42,12.0,53.18,6.76,0.64
2351,26.26,12.7,51.88,8.29,0.86
2352,27.2,14.35,51.16,7.06,0.23
2353,24.67,10.69,54.49,9.63,0.53
2354,25.87,8.74,54.2,11.19,0.0
2355,26.0,11.15,54.69,7.85,0.31
2356,27.19,13.6,52.63,6.36,0.22
2357,25.41,12.56,53.85,7.98,0.19
2358,26.57,12.76,52.49,7.52,0.65
2359,26.36,11.88,53.35,8.09,0.32
2360,25.53,11.21,53.9,9.36,0.0
2361,26.82,13.48,51.6,7.62,0.48
2362,26.28,13.03,53.01,7.15,0.53
2363,26.74,12.45,52.71,7.92,0.18
2364,26.28,13.52,51.53,7.91,0.77
2365,25.72,12.71,52.27,8.47,0.83
2366,24.8,9.45,55.91,9.45,0.39
2367,26.07,14.35,51.37,7.34,0.88
2368,24.21,14.47,52.76,8.03,0.53
2369,29.4,10.95,52.89,6.24,0.51
2370,26.98,13.14,51.74,7.91,0.23
2371,26.12,12.35,53.59,7.78,0.15
2372,24.85,13.64,51.21,9.39,0.91
2373,25.95,13.09,53.42,7.31,0.23
2374,26.39,12.51,53.74,7.21,0.16
2375,27.26,13.58,50.55,7.62,0.99
2376,27.16,12.19,54.48,5.79,0.39
2377,24.83,14.67,51.52,7.86,1.11
2378,25.37,12.25,53.74,8.46,0.18
2379,25.46,12.67,53.2,7.76,0.91
2380,26.95,12.84,51.58,7.79,0.84
2381,25.05,14.05,53.27,7.12,0.51
2382,26.04,14.17,51.5,7.37,0.92
2383,26.01,14.35,52.4,6.92,0.32
2384,27.37,12.93,52.67,6.28,0.75
2385,26.24,12.8,51.94,8.17,0.86
2386,25.81,13.04,53.58,7.52,0.05
2387,25.78,8.36,54.7,11.15,0.0
2388,26.6,13.79,51.46,6.99,1.17
2389,27.04,9.18,54.59,8.16,1.02
2390,25.62,12.47,53.83,7.96,0.12
2391,26.17,12.9,52.19,8.02,0.73
2392,28.24,12.5,50.46,8.33,0.46
2393,25.13,13.96,54.06,6.85,0.0
2394,25.74,12.57,54.03,7.66,0.0
2395,26.32,13.22,51.76,7.93,0.76
2396,25.04,13.34,54.86,6.75,0.0
2397,24.84,14.13,51.82,8.35,0.86
2398,26.03,13.52,52.21,7.3,0.93
2399,24.55,12.57,53.29,8.98,0.6
2400,26.38,13.32,52.09,7.81,0.4
2401,27.27,11.86,54.02,6.56,0.29
2402,26.22,12.63,53.68,7.18,0.29
2403,26.07,12.56,53.22,7.71,0.45
2404,26.82,12.25,51.99,8.61,0.33
2405,25.82,12.68,52.11,8.61,0.78
2406,25.44,12.28,53.99,8.28,0.0
2407,26.26,13.54,51.53,7.94,0.72
2408,26.19,13.48,51.48,8.09,0.77
2409,26.75,12.89,52.29,7.56,0.52
2410,27.51,11.83,50.59,8.88,1.18
2411,25.51,12.93,52.87,8.41,0.27
2412,25.17,12.84,54.56,6.93,0.51
2413,25.99,13.1,52.08,8.04,0.79
2414,26.05,13.12,52.72,7.56,0.56
2415,26.17,13.93,51.17,7.94,0.78
2416,26.73,13.74,52.88,6.66,0.0
2417,25.28,12.45,53.76,8.26,0.25
2418,25.31,14.52,51.14,7.99,1.04
2419,25.76,13.57,51.72,8.36,0.59
2420,26.67,12.1,53.95,7.16,0.12
2421,26.41,13.42,52.67,7.22,0.29
2422,25.87,13.89,51.75,7.89,0.6
2423,25.34,10.68,54.09,9.66,0.23
2424,25.58,11.63,54.32,8.38,0.09
2425,26.97,12.48,52.97,6.9,0.69
2426,26.3,11.9,54.0,7.72,0.07
2427,26.6,12.94,51.14,8.49,0.83
2428,26.27,13.82,50.46,8.41,1.04
2429,25.45,14.7,53.41,6.45,0.0
2430,27.6,12.25,50.23,9.92,0.0
2431,25.52,15.43,52.82,6.23,0.0
2432,26.41,11.4,52.92,8.67,0.58
2433,26.08,11.94,52.82,9.08,0.08
2434,26.99,12.11,51.9,8.65,0.35
2435,25.39,13.99,51.81,7.25,1.55
2436,25.1,9.56,56.57,8.76,0.0
2437,25.41,13.92,52.68,7.21,0.79
2438,25.98,13.5,52.14,7.82,0.56
2439,28.31,12.86,51.81,6.66,0.36
2440,26.88,11.99,53.94,6.68,0.51
2441,25.37,10.81,54.34,8.95,0.53
2442,25.72,11.97,54.5,7.72,0.08
2443,26.38,12.48,52.59,8.09,0.46
2444,26.21,13.79,50.76,8.28,0.97
2445,26.4,9.6,55.6,8.4,0.0
2446,27.0,13.34,52.34,6.83,0.48
2447,24.6,11.11,53.97,9.52,0.79
2448,29.52,10.0,52.86,7.62,0.0
2449,26.46,13.33,52.63,6.74,0.84
2450,27.69,9.45,54.72,8.14,0.0
2451,26.08,12.99,51.73,8.33,0.87
2452,26.77,12.47,53.27,7.27,0.22
2453,31.48,7.41,50.0,11.11,0.0
2454,28.74,12.4,52.18,6.16,0.51
2455,25.76,12.72,52.28,8.37,0.87
2456,24.54,13.79,51.83,8.82,1.01
2457,25.76,12.29,53.33,8.47,0.15
2458,25.24,11.13,54.82,8.14,0.68
2459,26.68,13.68,51.4,7.56,0.68
2460,26.87,11.42,54.32,7.29,0.1
2461,26.18,13.27,52.59,7.0,0.97
2462,25.77,12.73,54.52,6.88,0.1
2463,26.93,12.71,52.06,7.44,0.87
2464,27.27,13.47,50.62,7.86,0.79
2465,26.6,13.3,53.89,6.22,0.0
2466,26.91,11.97,54.05,6.25,0.82
2467,26.07,12.16,54.24,7.26,0.26
2468,26.57,12.44,53.7,7.17,0.11
2469,27.21,11.71,52.84,7.67,0.58
2470,26.79,12.01,53.22,7.71,0.27
2471,26.16,12.76,51.68,8.54,0.86
2472,26.5,12.86,52.92,6.86,0.86
2473,26.28,13.72,51.41,7.82,0.77
2474,27.0,11.0,51.0,10.0,1.0
2475,26.33,13.13,51.76,8.12,0.66
2476,27.73,10.92,52.1,7.56,1.68
2477,26.85,14.38,51.7,6.65,0.42
2478,25.87,11.46,53.83,8.68,0.15
2479,26.92,11.98,53.14,7.56,0.41
2480,26.67,12.51,52.3,8.04,0.48
2481,26.45,13.32,52.19,7.53,0.51
2482,27.33,11.86,53.16,7.21,0.44
2483,27.71,12.55,50.22,9.09,0.43
2484,27.24,11.83,51.61,8.96,0.36
2485,27.79,13.24,51.95,6.37,0.65
2486,25.43,12.13,52.85,9.2,0.39
2487,26.89,12.18,53.97,6.4,0.55
2488,26.71,12.76,51.8,7.96,0.77
2489,26.13,11.76,55.23,6.89,0.0
2490,23.72,15.58,53.6,7.09,0.0
2491,27.75,11.4,53.1,7.13,0.62
2492,26.58,13.51,52.33,7.53,0.06
2493,27.61,11.72,53.43,6.57,0.67
2494,26.39,13.16,53.7,6.47,0.28
2495,26.63,18.27,49.23,5.88,0.0
2496,25.66,10.39,55.26,8.16,0.53
2497,26.73,13.02,52.56,6.9,0.79
2498,27.02,14.6,52.07,6.04,0.27
2499,25.61,13.7,53.83,6.69,0.16
2500,26.11,13.09,52.95,7.0,0.85
2501,24.5,16.06,51.81,7.63,0.0
2502,25.83,13.41,52.84,7.14,0.78
2503,26.59,12.5,53.51,7.21,0.19
2504,27.01,12.63,52.93,6.77,0.67
2505,25.54,12.97,53.48,7.69,0.32
2506,25.58,10.85,55.56,7.75,0.26
2507,26.53,12.6,53.23,7.41,0.22
2508,25.74,12.6,53.96,7.7,0.0
2509,26.06,13.19,50.85,9.04,0.85
2510,25.84,12.53,54.19,7.09,0.35
2511,28.72,11.69,52.44,6.45,0.7
2512,27.99,11.01,53.77,7.23,0.0
2513,27.87,12.84,51.37,7.38,0.55
2514,24.23,14.45,52.79,8.01,0.53
2515,26.05,11.76,52.94,9.24,0.0
2516,26.7,11.78,52.36,8.64,0.52
2517,25.95,13.09,52.66,7.91,0.38
2518,27.71,12.49,53.16,6.25,0.4
2519,27.23,12.73,52.39,7.28,0.37
2520,27.35,12.33,51.47,8.04,0.8
2521,26.36,11.54,54.55,7.34,0.21
2522,25.7,12.56,53.29,8.26,0.2
2523,24.35,14.15,53.4,7.55,0.54
2524,27.29,11.47,53.9,7.34,0.0
2525,26.74,8.68,53.82,10.76,0.0
2526,25.96,12.61,52.35,8.23,0.85
2527,25.37,13.06,51.87,9.7,0.0
2528,29.57,11.67,51.75,6.61,0.39
2529,25.22,13.6,53.54,7.08,0.56
2530,25.93,13.08,51.52,8.41,1.05
2531,29.06,12.21,51.7,6.57,0.46
2532,25.06,14.0,52.22,7.98,0.75
2533,26.89,12.15,53.09,7.26,0.61
2534,27.07,14.66,51.13,7.14,0.0
2535,25.99,12.96,52.27,8.05,0.73
2536,26.35,13.34,52.37,7.16,0.79
2537,27.01,12.32,52.76,7.03,0.87
2538,27.08,11.26,54.4,6.61,0.65
2539,25.55,12.88,54.12,7.24,0.2
2540,26.5,12.11,53.08,7.62,0.69
2541,26.38,11.73,54.66,7.0,0.22
2542,24.94,11.85,54.18,8.92,0.11
2543,26.08,12.83,52.47,7.89,0.74
2544,25.67,11.62,54.0,8.56,0.16
2545,27.64,11.39,52.28,7.97,0.72
2546,25.69,11.22,51.87,10.22,1.0
2547,25.48,13.22,51.44,8.89,0.96
2548,26.17,8.88,54.21,10.75,0.0
2549,26.22,12.47,51.9,8.46,0.95
2550,26.98,11.81,53.15,7.42,0.64
